,experience,salary,Автомобильный бизнес,Административный персонал,"Банки, инвестиции, лизинг",Безопасность,"Бухгалтерия, управленческий учет, финансы предприятия",Высший менеджмент,Добыча сырья,Закупки,Инсталляция и сервис,"Информационные технологии, интернет, телеком","Искусство, развлечения, масс-медиа",Консультирование,"Маркетинг, реклама, PR","Медицина, фармацевтика","Наука, образование","Начало карьеры, студенты",Продажи,"Производство, сельское хозяйство",Рабочий персонал,"Спортивные клубы, фитнес, салоны красоты","Строительство, недвижимость","Транспорт, логистика","Туризм, гостиницы, рестораны","Управление персоналом, тренинги",Юристы,latitude,longitude,активные,грамотная,клиентов,команде,навыки,пк,продажи,работа,речь
0,-0.8143190224328887,74000.0,0.0,0.0,0.0,0.0,0.0,0.0,0.0,0.0,0.0,0.0,0.0,0.0,0.0,0.0,0.0,0.0,0.0,0.0,1.0,0.0,0.0,1.0,0.0,0.0,0.0,0.10087518432880546,-0.3666391033138997,0.0,0.0,0.0,0.0,0.0,0.0,0.0,0.0,0.0
1,-0.8143190224328887,80000.0,0.0,0.0,0.0,0.0,0.0,0.0,0.0,0.0,0.0,0.0,0.0,0.0,0.0,0.0,0.0,0.0,0.0,0.0,0.0,0.0,0.0,1.0,0.0,0.0,0.0,0.11274546658557312,-0.3806451417629088,0.0,0.5248215216814134,0.0,0.500553007318383,0.0,0.0,0.0,0.44561354066560194,0.5248215216814134
2,0.46048548726174143,123500.0,0.0,0.0,0.0,0.0,0.0,0.0,0.0,0.0,0.0,0.0,0.0,0.0,0.0,0.0,0.0,0.0,0.0,0.0,1.0,0.0,0.0,1.0,0.0,0.0,0.0,0.11274546658557312,-0.3806451417629088,0.0,0.0,0.0,0.0,0.0,0.0,0.0,0.0,0.0
3,0.46048548726174143,80000.0,0.0,0.0,0.0,0.0,0.0,0.0,0.0,0.0,0.0,0.0,0.0,0.0,0.0,0.0,0.0,0.0,1.0,0.0,0.0,0.0,0.0,0.0,0.0,0.0,0.0,0.11274546658557312,-0.3806451417629088,0.0,0.0,0.0,0.0,0.0,0.0,0.0,0.0,0.0
4,-0.8143190224328887,50000.0,0.0,0.0,0.0,0.0,0.0,0.0,0.0,0.0,0.0,0.0,0.0,0.0,0.0,0.0,0.0,0.0,0.0,0.0,1.0,0.0,0.0,1.0,0.0,0.0,0.0,0.11274546658557312,-0.3806451417629088,0.0,0.0,0.0,0.0,1.0,0.0,0.0,0.0,0.0
5,-0.8143190224328887,55000.0,0.0,0.0,0.0,0.0,0.0,0.0,0.0,0.0,0.0,0.0,0.0,0.0,0.0,0.0,0.0,1.0,1.0,0.0,0.0,0.0,0.0,0.0,0.0,0.0,0.0,0.11274546658557312,-0.3806451417629088,0.0,0.0,0.0,0.780948251074124,0.0,0.5189243648849468,0.0,0.34761664613913645,0.0
6,-0.8143190224328887,65000.0,0.0,0.0,0.0,0.0,0.0,0.0,0.0,0.0,0.0,0.0,0.0,0.0,0.0,0.0,0.0,0.0,0.0,0.0,1.0,0.0,1.0,0.0,0.0,0.0,0.0,0.11274546658557312,-0.3806451417629088,0.0,0.0,0.0,0.0,0.0,0.0,0.0,0.0,0.0
7,-0.8143190224328887,65000.0,0.0,0.0,0.0,0.0,0.0,0.0,0.0,0.0,0.0,0.0,0.0,0.0,0.0,0.0,0.0,0.0,0.0,0.0,1.0,0.0,0.0,1.0,0.0,0.0,0.0,0.11274546658557312,-0.3806451417629088,0.0,0.0,0.0,0.0,0.0,0.0,0.0,0.0,0.0
8,-0.8143190224328887,69000.0,0.0,0.0,1.0,1.0,0.0,0.0,0.0,0.0,0.0,0.0,0.0,0.0,0.0,0.0,0.0,0.0,0.0,0.0,0.0,0.0,0.0,0.0,0.0,0.0,0.0,0.11274546658557312,-0.3806451417629088,0.0,0.0,0.0,0.4896946762929097,0.0,0.0,0.0,0.8718939866809396,0.0
9,-0.8143190224328887,102000.0,0.0,0.0,0.0,0.0,0.0,0.0,0.0,0.0,0.0,0.0,0.0,0.0,0.0,0.0,0.0,0.0,0.0,0.0,1.0,0.0,0.0,1.0,0.0,0.0,0.0,0.11274546658557312,-0.3806451417629088,0.0,0.0,0.0,0.0,0.0,0.0,0.0,0.0,0.0
10,-0.8143190224328887,55000.0,0.0,0.0,0.0,1.0,0.0,0.0,0.0,0.0,0.0,0.0,0.0,0.0,0.0,0.0,0.0,0.0,0.0,0.0,0.0,0.0,0.0,0.0,0.0,0.0,0.0,0.11274546658557312,-0.3806451417629088,0.0,0.0,0.0,1.0,0.0,0.0,0.0,0.0,0.0
15,0.46048548726174143,100000.0,0.0,0.0,0.0,0.0,0.0,0.0,0.0,0.0,0.0,0.0,0.0,0.0,0.0,0.0,0.0,0.0,1.0,0.0,0.0,0.0,0.0,0.0,0.0,0.0,0.0,0.11274546658557312,-0.3806451417629088,0.3034146917256728,0.0,0.3241694269187359,0.0,0.3059653412461964,0.0,0.8421632368206843,0.0,0.0
16,-0.8143190224328887,72500.0,0.0,0.0,0.0,0.0,0.0,0.0,0.0,0.0,0.0,0.0,0.0,0.0,0.0,1.0,0.0,0.0,0.0,0.0,0.0,0.0,0.0,0.0,0.0,0.0,0.0,0.11274546658557312,-0.3806451417629088,0.0,0.0,0.0,0.35065526269596725,0.0,0.0,0.0,0.9365046111705069,0.0
17,-0.8143190224328887,78500.0,0.0,0.0,0.0,0.0,0.0,0.0,0.0,0.0,0.0,0.0,0.0,0.0,0.0,0.0,0.0,0.0,0.0,0.0,0.0,0.0,0.0,1.0,0.0,0.0,0.0,0.11274546658557312,-0.3806451417629088,0.0,0.0,0.0,0.7469070955032463,0.0,0.0,0.0,0.6649284101968456,0.0
18,-0.8143190224328887,110000.0,0.0,1.0,0.0,0.0,0.0,0.0,0.0,0.0,0.0,0.0,0.0,0.0,0.0,0.0,0.0,0.0,0.0,0.0,0.0,0.0,0.0,0.0,0.0,0.0,0.0,0.11274546658557312,-0.3806451417629088,0.0,0.0,0.0,0.5357224846969375,0.6968112830908781,0.0,0.0,0.47692290272892496,0.0
20,-0.8143190224328887,43500.0,0.0,1.0,0.0,0.0,0.0,0.0,0.0,0.0,0.0,0.0,0.0,0.0,0.0,0.0,0.0,0.0,1.0,0.0,0.0,0.0,0.0,0.0,0.0,0.0,0.0,0.11274546658557312,-0.3806451417629088,0.0,0.0,0.0,0.0,0.0,0.0,0.0,0.0,0.0
21,2.053991124380029,100000.0,0.0,1.0,0.0,0.0,0.0,0.0,0.0,0.0,0.0,0.0,0.0,0.0,0.0,0.0,0.0,0.0,0.0,0.0,0.0,0.0,0.0,0.0,0.0,0.0,0.0,0.11274546658557312,-0.3806451417629088,0.0,0.7071067811865475,0.0,0.0,0.0,0.0,0.0,0.0,0.7071067811865475
23,0.46048548726174143,100000.0,0.0,0.0,0.0,0.0,0.0,0.0,0.0,0.0,0.0,0.0,0.0,0.0,0.0,0.0,0.0,1.0,0.0,0.0,0.0,0.0,0.0,0.0,1.0,0.0,0.0,0.11274546658557312,-0.3806451417629088,0.0,0.0,0.0,0.0,0.0,0.0,0.0,0.0,0.0
24,-0.8143190224328887,80000.0,0.0,1.0,0.0,0.0,0.0,0.0,0.0,0.0,0.0,0.0,0.0,0.0,0.0,0.0,0.0,0.0,1.0,0.0,0.0,1.0,0.0,0.0,0.0,0.0,0.0,0.11274546658557312,-0.3806451417629088,0.0,0.43200990043632226,0.5678155187795971,0.41203313111458983,0.0,0.0,0.0,0.36680938830264714,0.43200990043632226
25,-0.8143190224328887,140000.0,0.0,0.0,0.0,0.0,0.0,0.0,0.0,0.0,0.0,0.0,0.0,0.0,0.0,0.0,0.0,0.0,0.0,0.0,0.0,0.0,0.0,1.0,0.0,0.0,0.0,0.11274546658557312,-0.3806451417629088,0.0,0.0,0.0,0.0,0.0,0.0,0.0,0.0,0.0
26,0.46048548726174143,50000.0,0.0,0.0,0.0,0.0,0.0,0.0,0.0,0.0,0.0,0.0,0.0,0.0,1.0,0.0,0.0,0.0,0.0,0.0,0.0,0.0,0.0,0.0,0.0,0.0,0.0,0.11274546658557312,-0.3806451417629088,0.0,0.3912509777763386,0.0,0.3731589606210692,0.0,0.4959132090380612,0.4453197588874519,0.33220195112659284,0.3912509777763386
27,0.46048548726174143,47500.0,0.0,1.0,0.0,0.0,1.0,0.0,0.0,0.0,0.0,0.0,0.0,0.0,0.0,0.0,0.0,0.0,0.0,0.0,0.0,0.0,0.0,1.0,0.0,0.0,0.0,0.11274546658557312,-0.3806451417629088,0.0,0.0,0.0,0.31783822355692054,0.0,0.42239418058388084,0.0,0.8488592461975383,0.0
29,0.46048548726174143,60000.0,0.0,0.0,0.0,0.0,0.0,0.0,0.0,0.0,0.0,0.0,0.0,0.0,0.0,0.0,0.0,0.0,0.0,0.0,0.0,0.0,0.0,1.0,0.0,0.0,0.0,0.11274546658557312,-0.3806451417629088,0.0,0.0,0.0,0.0,0.0,0.0,0.0,0.0,0.0
30,3.0100945066510016,3750.0,0.0,0.0,0.0,0.0,0.0,1.0,0.0,0.0,0.0,0.0,0.0,0.0,0.0,0.0,0.0,0.0,0.0,0.0,0.0,0.0,0.0,0.0,0.0,0.0,0.0,0.11274546658557312,-0.3806451417629088,0.0,0.0,1.0,0.0,0.0,0.0,0.0,0.0,0.0
31,-0.8143190224328887,45000.0,0.0,0.0,0.0,0.0,0.0,0.0,0.0,0.0,0.0,1.0,0.0,0.0,0.0,0.0,0.0,0.0,0.0,0.0,0.0,0.0,0.0,0.0,0.0,0.0,0.0,0.3040050894811606,0.029419575897537,0.0,0.0,0.0,0.0,0.0,0.0,0.0,0.0,0.0
33,2.053991124380029,175000.0,0.0,0.0,0.0,0.0,0.0,0.0,0.0,0.0,0.0,1.0,0.0,0.0,0.0,0.0,0.0,0.0,0.0,0.0,0.0,0.0,0.0,0.0,0.0,0.0,0.0,0.11274546658557312,-0.3806451417629088,0.0,0.0,0.0,0.0,1.0,0.0,0.0,0.0,0.0
35,-0.8143190224328887,60000.0,0.0,1.0,0.0,0.0,0.0,0.0,0.0,0.0,0.0,0.0,0.0,0.0,0.0,0.0,0.0,0.0,1.0,0.0,0.0,0.0,0.0,0.0,0.0,0.0,0.0,0.11274546658557312,-0.3806451417629088,0.0,0.23396210718598287,0.9225296582259099,0.0,0.0,0.0,0.0,0.1986516913992309,0.23396210718598287
38,2.053991124380029,160000.0,0.0,1.0,0.0,0.0,0.0,0.0,0.0,0.0,0.0,0.0,0.0,0.0,0.0,0.0,0.0,0.0,1.0,0.0,0.0,1.0,0.0,0.0,0.0,0.0,0.0,0.11274546658557312,-0.3806451417629088,0.0,0.0,0.0,0.6962907231370205,0.45283075291104746,0.46267114470413684,0.0,0.3099337831690867,0.0
39,0.46048548726174143,55000.0,0.0,1.0,0.0,0.0,0.0,0.0,0.0,0.0,0.0,0.0,0.0,0.0,0.0,0.0,0.0,0.0,0.0,0.0,0.0,0.0,0.0,0.0,0.0,0.0,0.0,0.11274546658557312,-0.3806451417629088,0.0,0.0,0.0,0.43641617987154724,0.5676441197534279,0.5799795022368572,0.0,0.38851621361375493,0.0
41,-0.8143190224328887,60000.0,0.0,0.0,0.0,0.0,0.0,0.0,0.0,0.0,0.0,0.0,0.0,0.0,1.0,0.0,0.0,0.0,0.0,0.0,0.0,0.0,0.0,0.0,0.0,0.0,0.0,0.3040050894811606,0.029419575897537,0.0,0.0,0.0,0.0,0.0,0.0,0.0,0.0,0.0
42,0.46048548726174143,90000.0,0.0,0.0,0.0,0.0,0.0,0.0,0.0,0.0,0.0,0.0,0.0,0.0,0.0,0.0,0.0,0.0,0.0,0.0,0.0,0.0,0.0,0.0,0.0,1.0,0.0,0.11274546658557312,-0.3806451417629088,0.0,0.0,0.0,0.0,0.0,0.0,0.0,0.0,0.0
46,3.0100945066510016,110000.0,0.0,0.0,0.0,0.0,0.0,0.0,0.0,0.0,0.0,0.0,0.0,0.0,0.0,0.0,0.0,0.0,0.0,0.0,0.0,0.0,0.0,0.0,0.0,1.0,0.0,0.11274546658557312,-0.3806451417629088,0.0,0.0,0.0,0.0,1.0,0.0,0.0,0.0,0.0
47,-0.8143190224328887,31000.0,0.0,0.0,0.0,0.0,0.0,0.0,0.0,0.0,0.0,0.0,0.0,0.0,0.0,0.0,0.0,0.0,1.0,0.0,0.0,0.0,0.0,0.0,0.0,0.0,0.0,0.45670921625415445,-0.4502583082123917,0.0,0.0,0.0,0.0,0.0,0.0,0.0,0.0,0.0
49,3.0100945066510016,120000.0,0.0,0.0,0.0,0.0,1.0,0.0,0.0,0.0,0.0,0.0,0.0,0.0,0.0,0.0,0.0,0.0,0.0,0.0,0.0,0.0,0.0,0.0,0.0,0.0,0.0,0.11274546658557312,-0.3806451417629088,0.0,0.0,0.0,0.0,0.0,0.0,0.0,0.0,0.0
51,-0.8143190224328887,50000.0,0.0,0.0,0.0,0.0,0.0,0.0,0.0,0.0,0.0,0.0,0.0,0.0,0.0,0.0,0.0,0.0,0.0,0.0,1.0,0.0,0.0,1.0,0.0,0.0,0.0,0.09228295820724079,-0.3344697561249455,0.0,0.0,0.0,0.0,0.0,0.0,0.0,0.0,0.0
53,0.46048548726174143,100000.0,0.0,0.0,0.0,0.0,0.0,0.0,0.0,0.0,0.0,0.0,0.0,0.0,0.0,0.0,0.0,0.0,1.0,0.0,0.0,0.0,0.0,0.0,0.0,0.0,0.0,0.11274546658557312,-0.3806451417629088,0.0,0.0,0.0,0.0,0.6579165915974735,0.0,0.6036339106046252,0.45030196587282456,0.0
54,-0.8143190224328887,47000.0,0.0,0.0,0.0,0.0,0.0,0.0,0.0,0.0,0.0,0.0,0.0,0.0,0.0,0.0,0.0,1.0,0.0,0.0,0.0,0.0,0.0,0.0,1.0,0.0,0.0,0.11274546658557312,-0.3806451417629088,0.0,0.41546464273375666,0.0,0.39625295031456503,0.0,0.0,0.0,0.7055224026515576,0.41546464273375666
55,-0.8143190224328887,95000.0,0.0,0.0,0.0,0.0,0.0,0.0,0.0,0.0,0.0,0.0,0.0,0.0,0.0,0.0,0.0,0.0,1.0,0.0,0.0,0.0,0.0,0.0,0.0,0.0,0.0,0.11274546658557312,-0.3806451417629088,0.2725587167989337,0.22155520884722327,0.2912027842946419,0.2113101721138079,0.5496999523702034,0.0,0.5043458945194298,0.37623457495041407,0.22155520884722327
56,0.46048548726174143,135000.0,0.0,0.0,0.0,0.0,0.0,0.0,0.0,0.0,0.0,1.0,0.0,0.0,0.0,0.0,0.0,0.0,0.0,0.0,0.0,0.0,0.0,0.0,0.0,0.0,0.0,0.11274546658557312,-0.3806451417629088,0.0,0.0,0.0,0.0,0.0,0.0,0.0,1.0,0.0
59,-0.8143190224328887,100000.0,0.0,0.0,0.0,0.0,0.0,0.0,0.0,0.0,0.0,0.0,0.0,0.0,0.0,0.0,0.0,0.0,0.0,0.0,0.0,0.0,0.0,1.0,0.0,0.0,0.0,0.11274546658557312,-0.3806451417629088,0.0,0.0,0.0,0.0,0.0,0.0,0.0,0.0,0.0
64,-0.8143190224328887,97500.0,0.0,0.0,0.0,0.0,0.0,0.0,0.0,0.0,0.0,0.0,0.0,0.0,0.0,0.0,0.0,0.0,1.0,0.0,0.0,0.0,0.0,0.0,0.0,0.0,0.0,0.11274546658557312,-0.3806451417629088,0.0,0.0,0.0,0.0,0.0,0.0,0.0,0.0,0.0
65,-0.8143190224328887,75000.0,0.0,1.0,0.0,0.0,0.0,0.0,0.0,0.0,0.0,0.0,0.0,0.0,0.0,0.0,0.0,0.0,1.0,0.0,0.0,0.0,0.0,0.0,0.0,0.0,0.0,-0.5114457021622905,0.4037643540083897,0.0,0.5248215216814134,0.0,0.500553007318383,0.0,0.0,0.0,0.44561354066560194,0.5248215216814134
67,-0.8143190224328887,74500.0,0.0,0.0,0.0,1.0,0.0,0.0,0.0,0.0,0.0,0.0,0.0,0.0,0.0,0.0,0.0,0.0,0.0,0.0,0.0,0.0,0.0,0.0,0.0,0.0,0.0,0.11274546658557312,-0.3806451417629088,0.0,0.7071067811865475,0.0,0.0,0.0,0.0,0.0,0.0,0.7071067811865475
68,2.053991124380029,70000.0,0.0,0.0,0.0,0.0,0.0,0.0,0.0,1.0,0.0,0.0,0.0,0.0,0.0,0.0,0.0,0.0,0.0,1.0,0.0,0.0,0.0,1.0,0.0,0.0,0.0,0.11274546658557312,-0.3806451417629088,0.0,0.0,0.0,0.0,0.0,0.0,0.0,0.0,0.0
71,-0.8143190224328887,56000.0,0.0,0.0,0.0,0.0,0.0,0.0,0.0,0.0,0.0,0.0,0.0,0.0,0.0,0.0,0.0,0.0,1.0,0.0,0.0,0.0,0.0,0.0,1.0,0.0,0.0,0.11274546658557312,-0.3806451417629088,0.0,0.0,0.0,0.0,0.0,0.0,0.0,0.0,0.0
72,-0.8143190224328887,100000.0,1.0,0.0,0.0,0.0,0.0,0.0,0.0,0.0,0.0,0.0,0.0,0.0,0.0,0.0,0.0,0.0,0.0,0.0,1.0,0.0,0.0,0.0,0.0,0.0,0.0,0.11274546658557312,-0.3806451417629088,0.0,0.0,0.0,0.0,0.0,0.0,0.0,0.0,0.0
73,3.0100945066510016,105000.0,0.0,0.0,0.0,0.0,0.0,0.0,0.0,0.0,0.0,0.0,0.0,0.0,0.0,0.0,0.0,0.0,0.0,0.0,0.0,0.0,0.0,1.0,0.0,0.0,0.0,0.11274546658557312,-0.3806451417629088,0.0,0.0,0.0,0.0,0.0,0.0,0.0,0.0,0.0
76,0.46048548726174143,65000.0,0.0,0.0,0.0,0.0,0.0,0.0,0.0,0.0,0.0,0.0,0.0,0.0,0.0,0.0,0.0,0.0,0.0,0.0,0.0,0.0,0.0,0.0,0.0,1.0,0.0,0.11274546658557312,-0.3806451417629088,0.0,0.0,0.0,0.7469070955032463,0.0,0.0,0.0,0.6649284101968456,0.0
78,-0.8143190224328887,30000.0,0.0,0.0,0.0,0.0,0.0,0.0,0.0,0.0,0.0,0.0,0.0,0.0,1.0,0.0,0.0,0.0,1.0,0.0,0.0,0.0,0.0,0.0,0.0,0.0,0.0,0.6700010200977057,-0.2130037622137083,0.0,0.7071067811865475,0.0,0.0,0.0,0.0,0.0,0.0,0.7071067811865475
79,0.46048548726174143,40000.0,0.0,0.0,0.0,0.0,0.0,0.0,0.0,0.0,0.0,0.0,0.0,0.0,0.0,0.0,0.0,0.0,0.0,0.0,0.0,0.0,0.0,1.0,0.0,0.0,0.0,0.45783281298521833,0.5846144750290305,0.0,0.0,0.0,0.0,0.0,0.0,0.0,0.0,0.0
81,-0.8143190224328887,50000.0,0.0,0.0,0.0,0.0,0.0,0.0,0.0,0.0,0.0,0.0,0.0,0.0,0.0,0.0,0.0,0.0,0.0,0.0,1.0,0.0,0.0,1.0,0.0,0.0,0.0,0.11274546658557312,-0.3806451417629088,0.0,0.0,0.0,0.0,0.0,0.0,0.0,0.0,0.0
82,0.46048548726174143,85000.0,0.0,0.0,0.0,0.0,0.0,0.0,0.0,0.0,0.0,0.0,0.0,0.0,0.0,0.0,0.0,0.0,1.0,0.0,0.0,0.0,0.0,0.0,0.0,0.0,0.0,0.2535193715946339,0.23820594877387707,0.27878745045459347,0.226618368822956,0.5957151747135006,0.0,0.2811310715653106,0.28724028537561275,0.5158716174322084,0.19241629685369863,0.226618368822956
83,0.46048548726174143,50000.0,0.0,0.0,0.0,0.0,0.0,0.0,0.0,0.0,0.0,0.0,0.0,0.0,0.0,0.0,0.0,1.0,1.0,0.0,0.0,0.0,0.0,0.0,0.0,0.0,0.0,0.11274546658557312,-0.3806451417629088,0.0,0.0,0.0,0.4104341887732631,0.0,0.5454504839297435,0.0,0.7307718838781648,0.0
85,2.053991124380029,120000.0,0.0,0.0,1.0,0.0,0.0,1.0,0.0,0.0,0.0,0.0,0.0,0.0,0.0,0.0,0.0,0.0,1.0,0.0,0.0,0.0,0.0,0.0,0.0,0.0,0.0,0.11274546658557312,-0.3806451417629088,0.0,0.18495873166152127,0.2431019244353711,0.17640596953104543,0.22945027226803053,0.23443641899422688,0.8420761349225054,0.157044084298703,0.18495873166152127
86,0.46048548726174143,95000.0,0.0,0.0,0.0,0.0,0.0,0.0,0.0,0.0,0.0,0.0,0.0,0.0,0.0,0.0,0.0,0.0,0.0,1.0,0.0,0.0,1.0,0.0,0.0,0.0,0.0,0.11274546658557312,-0.3806451417629088,0.0,0.0,0.0,0.0,0.0,0.0,0.0,0.0,0.0
91,0.46048548726174143,160000.0,0.0,0.0,0.0,0.0,0.0,0.0,0.0,0.0,0.0,0.0,0.0,0.0,0.0,0.0,0.0,0.0,1.0,0.0,0.0,0.0,0.0,0.0,0.0,0.0,0.0,0.11274546658557312,-0.3806451417629088,0.2117424798020509,0.17211942397343968,0.22622648211723026,0.16416037019936147,0.42704497742334363,0.0,0.7836216110623063,0.1461425318237757,0.17211942397343968
92,0.46048548726174143,50000.0,0.0,0.0,0.0,0.0,0.0,0.0,0.0,0.0,0.0,1.0,0.0,0.0,0.0,0.0,0.0,0.0,0.0,0.0,0.0,0.0,0.0,0.0,0.0,0.0,0.0,0.11274546658557312,-0.3806451417629088,0.0,0.0,0.0,0.0,0.0,0.0,0.0,0.0,0.0
95,0.46048548726174143,140000.0,0.0,0.0,0.0,0.0,0.0,0.0,0.0,0.0,0.0,0.0,0.0,0.0,0.0,0.0,0.0,0.0,1.0,0.0,0.0,0.0,0.0,0.0,0.0,0.0,0.0,0.11274546658557312,-0.3806451417629088,0.0,0.0,0.0,0.0,1.0,0.0,0.0,0.0,0.0
100,0.46048548726174143,46000.0,0.0,0.0,0.0,0.0,1.0,0.0,0.0,0.0,0.0,0.0,0.0,0.0,0.0,0.0,0.0,0.0,0.0,0.0,0.0,0.0,0.0,0.0,0.0,0.0,0.0,0.11274546658557312,-0.3806451417629088,0.0,0.0,0.0,0.0,0.0,0.0,0.0,1.0,0.0
101,3.0100945066510016,100000.0,0.0,0.0,0.0,0.0,0.0,0.0,0.0,0.0,1.0,0.0,0.0,0.0,0.0,0.0,0.0,0.0,0.0,1.0,0.0,0.0,1.0,0.0,0.0,0.0,0.0,0.11274546658557312,-0.3806451417629088,0.0,0.0,0.0,0.0,0.0,0.0,0.0,0.0,0.0
103,0.46048548726174143,70000.0,0.0,0.0,0.0,0.0,0.0,0.0,0.0,0.0,0.0,0.0,0.0,0.0,0.0,0.0,0.0,1.0,1.0,0.0,0.0,0.0,0.0,0.0,0.0,0.0,0.0,0.11274546658557312,-0.3806451417629088,0.0,0.0,0.0,0.0,0.0,0.0,0.0,0.0,0.0
104,-0.8143190224328887,50000.0,0.0,0.0,0.0,0.0,0.0,0.0,0.0,0.0,0.0,0.0,0.0,0.0,0.0,0.0,0.0,1.0,0.0,0.0,0.0,0.0,0.0,0.0,1.0,0.0,0.0,0.11274546658557312,-0.3806451417629088,0.0,0.39653975803093383,0.0,0.7564063598907758,0.0,0.0,0.0,0.33669252934736016,0.39653975803093383
105,0.46048548726174143,70000.0,0.0,0.0,0.0,0.0,1.0,0.0,0.0,0.0,0.0,0.0,0.0,0.0,0.0,0.0,0.0,0.0,0.0,0.0,0.0,0.0,0.0,0.0,0.0,0.0,0.0,0.11274546658557312,-0.3806451417629088,0.0,0.0,0.0,0.0,0.0,0.0,0.0,0.0,0.0
106,2.053991124380029,120000.0,0.0,0.0,0.0,0.0,0.0,0.0,0.0,0.0,0.0,0.0,0.0,0.0,0.0,0.0,0.0,1.0,1.0,0.0,0.0,0.0,0.0,0.0,0.0,0.0,0.0,0.11274546658557312,-0.3806451417629088,0.0,0.0,0.0,0.0,1.0,0.0,0.0,0.0,0.0
108,0.46048548726174143,30000.0,0.0,0.0,0.0,0.0,0.0,0.0,0.0,0.0,0.0,1.0,1.0,0.0,1.0,0.0,0.0,0.0,0.0,0.0,0.0,0.0,0.0,0.0,0.0,0.0,0.0,-0.11327471220800568,0.7513180926647423,0.0,0.3014482634790194,0.0,0.28750885510926877,0.0,0.3820876731106593,0.0,0.7678577714535466,0.3014482634790194
110,-0.8143190224328887,55000.0,0.0,0.0,0.0,0.0,0.0,0.0,0.0,0.0,0.0,0.0,0.0,0.0,0.0,0.0,0.0,1.0,0.0,0.0,0.0,0.0,0.0,0.0,1.0,0.0,0.0,0.11274546658557312,-0.3806451417629088,0.0,0.5248215216814134,0.0,0.500553007318383,0.0,0.0,0.0,0.44561354066560194,0.5248215216814134
111,0.46048548726174143,70000.0,0.0,0.0,0.0,0.0,0.0,0.0,0.0,0.0,0.0,1.0,0.0,0.0,0.0,0.0,0.0,0.0,0.0,0.0,0.0,0.0,0.0,0.0,0.0,0.0,0.0,0.11274546658557312,-0.3806451417629088,0.0,0.0,0.0,0.0,0.0,1.0,0.0,0.0,0.0
112,0.46048548726174143,90000.0,0.0,0.0,0.0,0.0,0.0,0.0,0.0,0.0,0.0,0.0,0.0,0.0,0.0,0.0,0.0,0.0,1.0,0.0,0.0,0.0,0.0,0.0,0.0,0.0,0.0,0.11274546658557312,-0.3806451417629088,0.17567077922991753,0.1427977671664438,0.37537467619279213,0.27238917933286844,0.3542951042243092,0.18099711689273554,0.6501266026798718,0.36373861968722015,0.1427977671664438
113,2.053991124380029,86000.0,0.0,0.0,0.0,0.0,0.0,0.0,0.0,0.0,0.0,0.0,0.0,0.0,0.0,0.0,0.0,0.0,0.0,0.0,0.0,0.0,0.0,1.0,0.0,0.0,0.0,0.11274546658557312,-0.3806451417629088,0.0,0.0,0.0,0.0,0.0,0.0,0.0,0.0,0.0
114,2.053991124380029,3500.0,0.0,0.0,0.0,0.0,0.0,0.0,0.0,0.0,0.0,1.0,0.0,0.0,0.0,0.0,0.0,0.0,0.0,0.0,0.0,0.0,0.0,0.0,0.0,0.0,0.0,0.11274546658557312,-0.3806451417629088,0.0,0.0,0.0,0.0,0.0,0.0,0.0,0.0,0.0
116,0.46048548726174143,150000.0,0.0,0.0,0.0,0.0,0.0,0.0,0.0,0.0,0.0,0.0,0.0,0.0,0.0,0.0,0.0,0.0,1.0,0.0,0.0,0.0,0.0,0.0,0.0,0.0,0.0,0.11274546658557312,-0.3806451417629088,0.0,0.43200990043632226,0.5678155187795971,0.41203313111458983,0.0,0.0,0.0,0.36680938830264714,0.43200990043632226
117,2.053991124380029,100000.0,0.0,0.0,0.0,0.0,0.0,0.0,0.0,0.0,0.0,0.0,0.0,0.0,0.0,0.0,0.0,0.0,0.0,0.0,0.0,0.0,0.0,0.0,1.0,0.0,0.0,0.11274546658557312,-0.3806451417629088,0.0,0.0,0.0,0.0,0.0,0.0,0.0,0.0,0.0
118,-0.8143190224328887,139000.0,0.0,0.0,0.0,0.0,0.0,0.0,0.0,0.0,0.0,0.0,0.0,0.0,0.0,0.0,0.0,0.0,1.0,0.0,0.0,0.0,0.0,0.0,0.0,0.0,0.0,0.11274546658557312,-0.3806451417629088,0.0,0.1957929143614483,0.2573419153802517,0.18673916378518138,0.0,0.0,0.8914017688682145,0.1662431325726097,0.1957929143614483
122,2.053991124380029,115000.0,0.0,0.0,0.0,0.0,0.0,0.0,0.0,0.0,0.0,1.0,0.0,0.0,0.0,0.0,0.0,0.0,0.0,0.0,0.0,0.0,0.0,0.0,0.0,0.0,0.0,0.11274546658557312,-0.3806451417629088,0.0,0.0,0.0,0.0,0.0,0.0,0.0,0.0,0.0
123,0.46048548726174143,156600.0,0.0,0.0,0.0,0.0,0.0,0.0,0.0,0.0,0.0,0.0,0.0,0.0,0.0,0.0,0.0,1.0,1.0,0.0,0.0,0.0,0.0,0.0,0.0,0.0,0.0,0.11274546658557312,-0.3806451417629088,0.0,0.0,0.0,0.0,0.0,0.0,0.0,0.0,0.0
124,0.46048548726174143,75000.0,0.0,0.0,0.0,0.0,1.0,0.0,0.0,0.0,0.0,0.0,0.0,0.0,0.0,0.0,0.0,0.0,0.0,0.0,0.0,0.0,0.0,0.0,0.0,0.0,0.0,0.11274546658557312,-0.3806451417629088,0.0,0.0,0.0,0.0,0.0,0.0,0.0,1.0,0.0
126,-0.8143190224328887,30000.0,0.0,0.0,0.0,0.0,0.0,0.0,0.0,0.0,0.0,0.0,0.0,0.0,0.0,0.0,0.0,0.0,0.0,0.0,0.0,0.0,0.0,0.0,0.0,1.0,0.0,-0.5114457021622905,0.4037643540083897,0.0,0.5248215216814134,0.0,0.500553007318383,0.0,0.0,0.0,0.44561354066560194,0.5248215216814134
128,0.46048548726174143,60000.0,0.0,0.0,0.0,0.0,0.0,0.0,0.0,0.0,0.0,0.0,0.0,0.0,0.0,0.0,0.0,1.0,1.0,0.0,0.0,0.0,0.0,0.0,0.0,0.0,0.0,0.11274546658557312,-0.3806451417629088,0.0,0.0,0.0,0.0,0.0,0.0,0.0,0.0,0.0
129,-0.8143190224328887,60000.0,0.0,0.0,0.0,1.0,0.0,0.0,0.0,0.0,0.0,0.0,0.0,0.0,0.0,0.0,0.0,0.0,0.0,0.0,0.0,0.0,0.0,0.0,0.0,0.0,0.0,0.11274546658557312,-0.3806451417629088,0.0,0.0,0.0,0.0,0.0,0.0,0.0,0.0,0.0
130,0.46048548726174143,150000.0,0.0,0.0,1.0,0.0,0.0,1.0,0.0,0.0,0.0,0.0,0.0,0.0,0.0,0.0,0.0,0.0,1.0,0.0,0.0,0.0,0.0,0.0,0.0,0.0,0.0,0.11274546658557312,-0.3806451417629088,0.4269613708593906,0.0,0.0,0.0,0.0,0.4399068387405366,0.7900544038375947,0.0,0.0
132,2.053991124380029,90000.0,0.0,0.0,0.0,0.0,0.0,0.0,0.0,0.0,0.0,0.0,0.0,0.0,0.0,0.0,0.0,0.0,0.0,0.0,0.0,0.0,1.0,0.0,0.0,0.0,0.0,0.11274546658557312,-0.3806451417629088,0.0,0.0,0.0,0.7469070955032463,0.0,0.0,0.0,0.6649284101968456,0.0
133,0.46048548726174143,170000.0,0.0,0.0,0.0,0.0,0.0,0.0,0.0,0.0,0.0,0.0,0.0,0.0,1.0,0.0,0.0,0.0,0.0,0.0,0.0,0.0,0.0,0.0,0.0,0.0,0.0,0.11274546658557312,-0.3806451417629088,0.0,0.0,1.0,0.0,0.0,0.0,0.0,0.0,0.0
137,0.46048548726174143,110000.0,0.0,0.0,0.0,0.0,0.0,0.0,0.0,0.0,0.0,0.0,0.0,0.0,0.0,0.0,0.0,0.0,1.0,0.0,0.0,0.0,0.0,0.0,0.0,0.0,0.0,0.11274546658557312,-0.3806451417629088,0.30010955078533286,0.24395049618002493,0.0,0.23266986862221078,0.0,0.0,0.8329894286025183,0.20713259624269179,0.24395049618002493
139,2.053991124380029,100000.0,0.0,0.0,0.0,0.0,1.0,0.0,0.0,0.0,0.0,0.0,0.0,0.0,0.0,0.0,0.0,0.0,0.0,0.0,0.0,0.0,0.0,0.0,0.0,0.0,0.0,0.2218296393256931,-0.35715543416705525,0.0,0.0,0.0,0.0,0.0,0.0,0.0,0.0,0.0
141,-0.8143190224328887,66000.0,0.0,0.0,0.0,1.0,0.0,0.0,0.0,0.0,0.0,0.0,0.0,0.0,0.0,0.0,0.0,0.0,0.0,0.0,0.0,0.0,0.0,0.0,0.0,0.0,0.0,0.11274546658557312,-0.3806451417629088,0.0,0.4398187871175799,0.0,0.4194809234604318,0.5456165250819477,0.0,0.0,0.3734397292832215,0.4398187871175799
143,-0.8143190224328887,30000.0,0.0,0.0,0.0,0.0,0.0,0.0,0.0,0.0,0.0,0.0,0.0,0.0,1.0,0.0,0.0,0.0,1.0,0.0,0.0,0.0,0.0,0.0,0.0,0.0,0.0,0.265385537718277,-0.17968236858124892,0.0,0.0,0.0,0.0,0.0,0.0,0.0,0.0,0.0
145,-0.8143190224328887,37000.0,0.0,0.0,0.0,0.0,0.0,0.0,0.0,0.0,0.0,0.0,0.0,0.0,0.0,0.0,0.0,1.0,0.0,0.0,0.0,0.0,0.0,0.0,1.0,0.0,0.0,-0.1684835179839707,-0.4318206052131171,0.0,0.41546464273375666,0.0,0.39625295031456503,0.0,0.0,0.0,0.7055224026515576,0.41546464273375666
149,2.053991124380029,90000.0,0.0,0.0,0.0,0.0,1.0,0.0,0.0,0.0,0.0,0.0,0.0,0.0,0.0,0.0,0.0,0.0,0.0,0.0,0.0,0.0,0.0,0.0,0.0,0.0,0.0,0.11274546658557312,-0.3806451417629088,0.0,0.0,0.0,0.0,0.0,0.0,0.0,0.0,0.0
150,0.46048548726174143,42500.0,0.0,0.0,0.0,0.0,0.0,0.0,0.0,0.0,0.0,1.0,1.0,0.0,1.0,0.0,0.0,0.0,0.0,0.0,0.0,0.0,0.0,0.0,0.0,0.0,0.0,0.11274546658557312,-0.3806451417629088,0.0,0.0,0.0,0.0,0.0,0.0,0.0,0.0,0.0
151,-0.8143190224328887,35000.0,0.0,1.0,0.0,0.0,0.0,0.0,0.0,0.0,0.0,0.0,0.0,0.0,0.0,0.0,0.0,0.0,0.0,0.0,0.0,0.0,0.0,0.0,0.0,0.0,0.0,-0.11327471220800568,0.7513180926647423,0.0,0.38415763544147397,0.0,0.3663936248050379,0.47656616832341026,0.48692235058684175,0.0,0.3261791619260558,0.38415763544147397
152,0.46048548726174143,90000.0,0.0,0.0,0.0,0.0,0.0,0.0,0.0,0.0,0.0,1.0,0.0,1.0,1.0,0.0,0.0,0.0,1.0,0.0,0.0,0.0,0.0,0.0,0.0,0.0,0.0,0.20838610642278932,-0.35221991268806857,0.0,0.0,0.0,0.0,0.0,0.0,0.0,1.0,0.0
154,0.46048548726174143,115000.0,0.0,0.0,0.0,0.0,0.0,0.0,0.0,0.0,0.0,0.0,0.0,0.0,0.0,0.0,0.0,0.0,1.0,0.0,0.0,0.0,0.0,0.0,0.0,0.0,0.0,0.11274546658557312,-0.3806451417629088,0.40090203438943167,0.3258818319942087,0.0,0.0,0.0,0.0,0.7418338973834945,0.2766985555933139,0.3258818319942087
155,0.46048548726174143,120000.0,0.0,0.0,0.0,0.0,0.0,0.0,0.0,0.0,0.0,0.0,0.0,0.0,0.0,0.0,0.0,1.0,0.0,0.0,0.0,0.0,0.0,0.0,1.0,0.0,0.0,-0.2628532680911399,-0.33668751924085233,0.0,0.0,0.0,0.0,0.0,0.0,0.0,0.0,0.0
157,-0.8143190224328887,55000.0,0.0,0.0,0.0,1.0,0.0,0.0,0.0,0.0,0.0,0.0,0.0,0.0,0.0,0.0,0.0,0.0,0.0,0.0,0.0,0.0,0.0,0.0,0.0,0.0,0.0,0.11274546658557312,-0.3806451417629088,0.0,0.0,0.0,0.0,0.0,0.0,0.0,0.0,0.0
159,0.46048548726174143,30000.0,0.0,1.0,0.0,0.0,0.0,0.0,0.0,0.0,0.0,0.0,0.0,0.0,0.0,0.0,0.0,0.0,1.0,0.0,0.0,0.0,0.0,0.0,0.0,0.0,0.0,0.11274546658557312,-0.3806451417629088,0.0,0.0,0.0,0.0,0.0,0.0,0.0,0.0,0.0
162,-0.8143190224328887,30000.0,0.0,0.0,0.0,0.0,0.0,0.0,0.0,0.0,0.0,0.0,0.0,0.0,0.0,0.0,0.0,1.0,1.0,0.0,0.0,0.0,0.0,0.0,0.0,0.0,0.0,0.11274546658557312,-0.3806451417629088,0.0,0.5248215216814134,0.0,0.500553007318383,0.0,0.0,0.0,0.44561354066560194,0.5248215216814134
163,0.46048548726174143,40000.0,0.0,0.0,0.0,0.0,0.0,0.0,0.0,0.0,0.0,0.0,0.0,0.0,0.0,0.0,0.0,0.0,1.0,0.0,0.0,0.0,0.0,0.0,0.0,0.0,0.0,-0.588484352695286,-0.42918355420380255,0.0,0.36464032063804025,0.4792677959971109,0.34777881916913495,0.0,0.0,0.0,0.6192149431234425,0.36464032063804025
164,0.46048548726174143,60000.0,0.0,0.0,0.0,0.0,0.0,0.0,0.0,0.0,0.0,0.0,0.0,0.0,0.0,0.0,0.0,0.0,1.0,0.0,0.0,0.0,0.0,0.0,0.0,0.0,0.0,0.11274546658557312,-0.3806451417629088,0.0,0.0,0.7785432632846253,0.0,0.0,0.37539582440666763,0.0,0.5029397202569758,0.0
165,-0.8143190224328887,90000.0,0.0,0.0,0.0,0.0,0.0,0.0,0.0,0.0,0.0,0.0,0.0,0.0,0.0,0.0,0.0,0.0,1.0,0.0,0.0,0.0,0.0,0.0,0.0,0.0,0.0,0.11274546658557312,-0.3806451417629088,0.25127862023437714,0.0,0.26846704704713675,0.0,0.0,0.0,0.9299379009712949,0.0,0.0
166,-0.8143190224328887,31000.0,0.0,0.0,0.0,0.0,0.0,0.0,0.0,0.0,0.0,0.0,0.0,0.0,0.0,0.0,0.0,0.0,1.0,0.0,0.0,0.0,0.0,0.0,0.0,0.0,0.0,-0.11327471220800568,0.7513180926647423,0.0,0.0,0.0,0.0,0.0,0.0,0.0,0.0,0.0
167,2.053991124380029,92500.0,0.0,0.0,0.0,0.0,0.0,0.0,0.0,0.0,0.0,0.0,0.0,0.0,0.0,0.0,0.0,1.0,1.0,0.0,0.0,0.0,0.0,0.0,0.0,0.0,0.0,0.11274546658557312,-0.3806451417629088,0.6547891010989584,0.0,0.0,0.0,0.0,0.0,0.6058147741408421,0.45192885780252934,0.0
171,-0.8143190224328887,31000.0,0.0,0.0,0.0,0.0,0.0,0.0,0.0,0.0,0.0,0.0,0.0,0.0,0.0,0.0,0.0,0.0,1.0,0.0,0.0,0.0,0.0,0.0,0.0,0.0,0.0,-0.5114457021622905,0.4037643540083897,0.0,0.0,0.0,0.0,0.0,0.0,0.0,0.0,0.0
175,0.46048548726174143,45000.0,0.0,1.0,0.0,0.0,0.0,0.0,0.0,0.0,0.0,0.0,0.0,0.0,0.0,0.0,0.0,0.0,1.0,0.0,0.0,1.0,0.0,0.0,0.0,0.0,0.0,0.11274546658557312,-0.3806451417629088,0.0,0.0,0.0,0.0,0.0,0.0,0.0,0.0,0.0
177,0.46048548726174143,132500.0,0.0,0.0,0.0,0.0,0.0,0.0,0.0,0.0,0.0,0.0,0.0,0.0,0.0,0.0,0.0,0.0,1.0,0.0,0.0,0.0,0.0,0.0,0.0,0.0,0.0,0.11274546658557312,-0.3806451417629088,0.0,0.0,0.0,0.0,0.5886705996384307,0.6014629051527448,0.540101193154163,0.0,0.0
180,-0.8143190224328887,30000.0,0.0,1.0,0.0,0.0,0.0,0.0,0.0,0.0,0.0,0.0,0.0,0.0,1.0,0.0,0.0,1.0,0.0,0.0,0.0,0.0,0.0,0.0,0.0,0.0,0.0,-0.2628532680911399,-0.33668751924085233,0.0,0.0,0.0,0.0,0.0,0.0,0.0,0.0,0.0
190,0.46048548726174143,160000.0,0.0,0.0,0.0,0.0,1.0,0.0,0.0,0.0,0.0,0.0,0.0,0.0,0.0,0.0,0.0,0.0,0.0,0.0,0.0,0.0,0.0,0.0,0.0,0.0,0.0,0.11274546658557312,-0.3806451417629088,0.0,0.0,0.0,0.0,0.0,0.0,0.0,0.0,0.0
191,-0.8143190224328887,150000.0,0.0,0.0,0.0,0.0,0.0,0.0,0.0,0.0,0.0,0.0,0.0,0.0,0.0,0.0,0.0,0.0,0.0,0.0,0.0,0.0,0.0,0.0,0.0,0.0,1.0,0.11274546658557312,-0.3806451417629088,0.0,0.6062353602240459,0.0,0.0,0.0,0.0,0.0,0.5147401053231064,0.6062353602240459
192,0.46048548726174143,150000.0,0.0,0.0,0.0,0.0,0.0,0.0,0.0,0.0,0.0,1.0,0.0,1.0,1.0,0.0,0.0,0.0,1.0,0.0,0.0,0.0,0.0,0.0,0.0,0.0,0.0,0.11274546658557312,-0.3806451417629088,0.0,0.0,0.0,0.0,0.0,0.0,0.0,0.0,0.0
195,2.053991124380029,90000.0,0.0,0.0,0.0,0.0,1.0,0.0,0.0,0.0,0.0,0.0,0.0,0.0,0.0,0.0,0.0,0.0,0.0,0.0,0.0,0.0,0.0,0.0,0.0,0.0,0.0,0.05495509206266284,-0.3244790607249571,0.0,0.0,0.0,0.0,0.0,0.0,0.0,0.0,0.0
196,2.053991124380029,112500.0,0.0,0.0,0.0,0.0,0.0,0.0,0.0,0.0,0.0,0.0,0.0,0.0,0.0,0.0,0.0,0.0,0.0,0.0,0.0,0.0,0.0,1.0,0.0,0.0,0.0,0.11274546658557312,-0.3806451417629088,0.0,0.0,0.0,0.0,0.0,0.0,0.0,0.0,0.0
198,-0.8143190224328887,95000.0,0.0,0.0,0.0,0.0,0.0,0.0,0.0,0.0,0.0,0.0,0.0,1.0,0.0,0.0,0.0,0.0,1.0,0.0,0.0,0.0,1.0,0.0,0.0,0.0,0.0,-0.5114457021622905,0.4037643540083897,0.0,0.30836132400970323,0.8105941321589758,0.0,0.0,0.39085002317948286,0.0,0.0,0.30836132400970323
201,0.46048548726174143,180000.0,0.0,0.0,0.0,0.0,0.0,0.0,0.0,0.0,0.0,0.0,0.0,0.0,0.0,0.0,0.0,0.0,0.0,0.0,0.0,1.0,0.0,0.0,0.0,0.0,0.0,0.11274546658557312,-0.3806451417629088,0.34663582370652857,0.2817703767364143,0.0,0.26874090261539085,0.6990996216123603,0.0,0.32070952753405474,0.2392445622845746,0.2817703767364143
202,0.46048548726174143,60000.0,0.0,0.0,0.0,0.0,0.0,0.0,0.0,0.0,0.0,0.0,0.0,0.0,0.0,0.0,0.0,0.0,1.0,0.0,0.0,0.0,0.0,0.0,0.0,0.0,0.0,-0.2628532680911399,-0.33668751924085233,0.28940134570595116,0.0,0.3091975139813943,0.22436797798767524,0.2918341923142201,0.0,0.8032675433539778,0.19974190070038947,0.0
203,0.46048548726174143,62500.0,0.0,0.0,0.0,0.0,0.0,0.0,0.0,0.0,0.0,0.0,0.0,0.0,0.0,0.0,0.0,0.0,1.0,0.0,0.0,0.0,0.0,0.0,0.0,0.0,0.0,0.3040050894811606,0.029419575897537,0.39460849444051627,0.0,0.8432024749526896,0.0,0.0,0.0,0.3650941280670614,0.0,0.0
207,-0.8143190224328887,110000.0,0.0,0.0,0.0,0.0,0.0,0.0,0.0,0.0,0.0,0.0,0.0,0.0,0.0,0.0,0.0,0.0,1.0,0.0,0.0,0.0,0.0,0.0,0.0,0.0,0.0,0.11274546658557312,-0.3806451417629088,0.3431676107669109,0.0,0.0,0.0,0.6921048848080922,0.0,0.6350014325537442,0.0,0.0
208,2.053991124380029,55000.0,0.0,0.0,0.0,0.0,0.0,0.0,0.0,0.0,0.0,0.0,0.0,0.0,0.0,0.0,0.0,1.0,1.0,0.0,0.0,0.0,0.0,0.0,0.0,0.0,0.0,0.20711440960781652,-0.32528146085202053,0.4336972012982154,0.3525400880169474,0.0,0.3362381189929392,0.0,0.4468468995443312,0.40125923233759764,0.2993334502451264,0.3525400880169474
210,0.46048548726174143,140000.0,0.0,0.0,0.0,0.0,0.0,0.0,0.0,0.0,0.0,0.0,0.0,0.0,0.0,0.0,0.0,0.0,1.0,0.0,0.0,0.0,0.0,0.0,0.0,0.0,0.0,0.11274546658557312,-0.3806451417629088,0.27043255885279405,0.2198269156804094,0.2889311889443351,0.20966179774950042,0.0,0.0,0.7506174398142988,0.3732996692517884,0.2198269156804094
211,-0.8143190224328887,75000.0,0.0,0.0,0.0,0.0,0.0,0.0,0.0,0.0,0.0,0.0,0.0,0.0,0.0,0.0,0.0,0.0,1.0,0.0,0.0,0.0,0.0,0.0,0.0,0.0,0.0,0.11274546658557312,-0.3806451417629088,0.0,0.0,0.7559495794082066,0.0,0.0,0.0,0.6546298445629832,0.0,0.0
213,-0.8143190224328887,30000.0,0.0,0.0,0.0,0.0,0.0,0.0,0.0,0.0,0.0,0.0,0.0,0.0,1.0,0.0,0.0,0.0,1.0,0.0,0.0,0.0,0.0,0.0,0.0,0.0,0.0,-0.1027327841280145,-0.6824075440845099,0.0,0.7071067811865475,0.0,0.0,0.0,0.0,0.0,0.0,0.7071067811865475
214,0.46048548726174143,40000.0,0.0,0.0,0.0,0.0,0.0,0.0,0.0,0.0,0.0,0.0,0.0,0.0,0.0,0.0,0.0,0.0,0.0,0.0,0.0,0.0,0.0,1.0,0.0,0.0,0.0,0.3040050894811606,0.029419575897537,0.0,0.32435603541552444,0.0,0.6187146763682677,0.402379384683865,0.4111234259604284,0.0,0.27540303780741093,0.32435603541552444
215,-0.8143190224328887,112500.0,0.0,0.0,0.0,0.0,0.0,0.0,0.0,0.0,0.0,0.0,0.0,0.0,0.0,0.0,0.0,1.0,1.0,0.0,0.0,0.0,0.0,0.0,0.0,0.0,0.0,0.11274546658557312,-0.3806451417629088,0.0,0.35581753244389513,0.0,0.6787280191970285,0.44140889680406137,0.0,0.0,0.3021162507879621,0.35581753244389513
216,2.053991124380029,60000.0,0.0,0.0,0.0,0.0,1.0,0.0,0.0,0.0,0.0,0.0,0.0,0.0,0.0,0.0,0.0,0.0,0.0,0.0,0.0,0.0,0.0,0.0,0.0,0.0,0.0,0.11274546658557312,-0.3806451417629088,0.0,0.0,0.0,0.0,0.0,0.0,0.0,1.0,0.0
221,-0.8143190224328887,175000.0,0.0,0.0,0.0,0.0,0.0,0.0,0.0,0.0,0.0,0.0,0.0,0.0,0.0,0.0,0.0,0.0,1.0,0.0,0.0,0.0,0.0,0.0,0.0,0.0,0.0,0.17042874093880964,0.33663131821340325,0.4811801979211603,0.39113766198941824,0.5140947793845679,0.0,0.0,0.0,0.4451907834681538,0.0,0.39113766198941824
224,0.46048548726174143,115000.0,0.0,0.0,0.0,0.0,0.0,0.0,0.0,0.0,0.0,0.0,0.0,0.0,0.0,0.0,0.0,0.0,1.0,0.0,0.0,0.0,0.0,0.0,0.0,0.0,0.0,0.3040050894811606,0.029419575897537,0.3186986331978158,0.0,0.34049884893816695,0.0,0.0,0.0,0.8845856177157908,0.0,0.0
225,-0.8143190224328887,160000.0,0.0,0.0,0.0,0.0,0.0,0.0,0.0,0.0,0.0,0.0,0.0,0.0,0.0,0.0,0.0,0.0,1.0,0.0,0.0,0.0,0.0,0.0,0.0,0.0,0.0,0.11274546658557312,-0.3806451417629088,0.0,0.0,0.0,0.0,0.0,0.0,0.0,0.0,0.0
226,0.46048548726174143,78250.0,0.0,0.0,0.0,0.0,0.0,0.0,0.0,0.0,0.0,0.0,0.0,0.0,0.0,0.0,0.0,0.0,0.0,0.0,0.0,0.0,0.0,0.0,1.0,0.0,0.0,0.11274546658557312,-0.3806451417629088,0.0,0.0,0.0,0.9135819309220777,0.0,0.0,0.0,0.40665471286176935,0.0
228,-0.8143190224328887,45000.0,0.0,0.0,0.0,0.0,0.0,0.0,0.0,0.0,0.0,0.0,0.0,0.0,0.0,0.0,0.0,0.0,1.0,0.0,0.0,0.0,0.0,0.0,0.0,0.0,0.0,-0.11327471220800568,0.7513180926647423,0.4566555148462197,0.37120224644155014,0.48789251339490675,0.0,0.0,0.0,0.422500400697602,0.31517904755486825,0.37120224644155014
230,0.46048548726174143,80000.0,0.0,0.0,0.0,0.0,0.0,0.0,0.0,0.0,0.0,0.0,0.0,0.0,0.0,0.0,0.0,0.0,1.0,0.0,0.0,0.0,0.0,0.0,0.0,0.0,0.0,0.11274546658557312,-0.3806451417629088,0.2697156099162716,0.0,0.5763303958705245,0.0,0.0,0.0,0.7486274635426067,0.18615500367430762,0.0
232,-0.8143190224328887,35000.0,0.0,1.0,0.0,0.0,0.0,0.0,0.0,0.0,0.0,0.0,0.0,0.0,0.0,0.0,0.0,0.0,1.0,0.0,0.0,0.0,0.0,0.0,0.0,0.0,0.0,0.17042874093880964,0.33663131821340325,0.0,0.0,0.0,0.0,0.0,0.0,0.0,0.0,0.0
234,-0.8143190224328887,130000.0,0.0,0.0,0.0,0.0,0.0,0.0,0.0,0.0,0.0,0.0,0.0,0.0,0.0,0.0,0.0,0.0,1.0,0.0,0.0,0.0,0.0,0.0,0.0,0.0,0.0,0.11274546658557312,-0.3806451417629088,0.0,0.0,0.0,0.0,0.0,0.0,0.0,0.0,0.0
240,2.053991124380029,100000.0,0.0,0.0,0.0,0.0,0.0,0.0,0.0,0.0,0.0,0.0,0.0,0.0,1.0,0.0,0.0,0.0,0.0,0.0,0.0,0.0,0.0,0.0,0.0,0.0,0.0,0.11274546658557312,-0.3806451417629088,0.0,0.0,0.0,0.0,0.0,0.0,0.0,0.0,0.0
243,-0.8143190224328887,36900.0,0.0,1.0,0.0,0.0,0.0,0.0,0.0,0.0,0.0,0.0,0.0,0.0,0.0,0.0,0.0,0.0,1.0,0.0,0.0,0.0,0.0,0.0,0.0,0.0,0.0,0.17042874093880964,0.33663131821340325,0.0,0.0,0.0,0.0,0.0,0.0,0.0,0.0,0.0
244,-0.8143190224328887,33000.0,0.0,1.0,0.0,0.0,0.0,0.0,0.0,0.0,0.0,0.0,0.0,0.0,0.0,0.0,0.0,0.0,1.0,0.0,0.0,0.0,0.0,0.0,0.0,0.0,0.0,-0.11327471220800568,0.7513180926647423,0.0,0.0,0.0,0.0,0.0,0.0,0.0,0.0,0.0
245,0.46048548726174143,135000.0,0.0,0.0,0.0,0.0,0.0,0.0,0.0,0.0,0.0,1.0,0.0,1.0,1.0,0.0,0.0,0.0,1.0,0.0,0.0,0.0,0.0,0.0,0.0,0.0,0.0,0.11274546658557312,-0.3806451417629088,0.0,0.0,0.0,0.0,0.0,0.0,0.0,0.0,0.0
246,0.46048548726174143,53500.0,0.0,0.0,0.0,0.0,0.0,0.0,0.0,0.0,0.0,0.0,0.0,0.0,0.0,0.0,0.0,0.0,1.0,0.0,0.0,0.0,0.0,0.0,0.0,0.0,0.0,0.11274546658557312,-0.3806451417629088,0.0,0.0,0.0,0.0,1.0,0.0,0.0,0.0,0.0
247,0.46048548726174143,120000.0,0.0,0.0,0.0,0.0,0.0,0.0,0.0,0.0,0.0,0.0,0.0,0.0,0.0,0.0,0.0,1.0,1.0,0.0,0.0,0.0,0.0,0.0,0.0,0.0,0.0,0.11274546658557312,-0.3806451417629088,0.0,0.0,0.0,0.0,0.0,0.0,1.0,0.0,0.0
248,2.053991124380029,30000.0,0.0,0.0,0.0,0.0,0.0,0.0,0.0,0.0,0.0,1.0,1.0,0.0,1.0,0.0,0.0,0.0,0.0,0.0,0.0,0.0,0.0,0.0,0.0,0.0,0.0,-0.11327471220800568,0.7513180926647423,0.0,0.0,0.0,0.0,0.0,0.0,0.0,0.0,0.0
253,2.053991124380029,70000.0,0.0,0.0,0.0,0.0,0.0,0.0,0.0,0.0,0.0,0.0,0.0,0.0,0.0,0.0,0.0,0.0,0.0,0.0,0.0,0.0,0.0,0.0,0.0,0.0,1.0,0.20468317387974325,-0.31751324972729583,0.0,0.0,0.0,0.0,0.0,0.0,0.0,1.0,0.0
254,0.46048548726174143,55000.0,0.0,0.0,0.0,0.0,0.0,0.0,0.0,0.0,0.0,0.0,0.0,0.0,0.0,0.0,0.0,0.0,1.0,0.0,0.0,0.0,0.0,0.0,0.0,0.0,0.0,0.3424991933437223,-0.3344267822344625,0.0,0.5265657807326526,0.0,0.0,0.0,0.6674256191687761,0.0,0.0,0.5265657807326526
257,-0.8143190224328887,50000.0,0.0,0.0,0.0,0.0,0.0,0.0,0.0,0.0,0.0,0.0,0.0,0.0,0.0,0.0,0.0,1.0,1.0,0.0,0.0,0.0,0.0,0.0,0.0,0.0,0.0,0.20838610642278932,-0.35221991268806857,0.41944158429280753,0.34095210345357313,0.0,0.3251859797754529,0.0,0.0,0.38806985062389027,0.5789887332766828,0.34095210345357313
260,0.46048548726174143,100000.0,0.0,0.0,0.0,0.0,0.0,0.0,0.0,0.0,0.0,0.0,0.0,0.0,0.0,0.0,0.0,0.0,1.0,0.0,0.0,0.0,0.0,0.0,0.0,0.0,0.0,0.11274546658557312,-0.3806451417629088,0.2779074670805951,0.22590305543104522,0.0,0.0,0.28024369062872817,0.0,0.7713649285804463,0.38361788234329897,0.22590305543104522
261,0.46048548726174143,71000.0,0.0,1.0,0.0,0.0,0.0,0.0,0.0,0.0,0.0,0.0,0.0,0.0,0.0,0.0,0.0,0.0,1.0,0.0,0.0,0.0,0.0,0.0,0.0,0.0,0.0,0.11274546658557312,-0.3806451417629088,0.0,0.0,0.0,0.0,0.0,0.0,0.0,0.0,0.0
262,0.46048548726174143,80000.0,0.0,0.0,0.0,0.0,0.0,0.0,0.0,0.0,0.0,0.0,0.0,0.0,0.0,0.0,0.0,1.0,1.0,0.0,0.0,0.0,0.0,0.0,0.0,0.0,0.0,0.11274546658557312,-0.3806451417629088,0.5899843954325422,0.0,0.0,0.0,0.5949440874196625,0.0,0.5458570746912442,0.0,0.0
264,0.46048548726174143,60000.0,0.0,0.0,0.0,0.0,0.0,0.0,0.0,0.0,0.0,0.0,0.0,0.0,0.0,0.0,0.0,1.0,1.0,0.0,0.0,0.0,0.0,0.0,0.0,0.0,0.0,0.11274546658557312,-0.3806451417629088,0.0,0.3925253958094406,0.0,0.0,0.0,0.4975285423467306,0.0,0.6665680586703968,0.3925253958094406
266,0.46048548726174143,28000.0,0.0,0.0,0.0,0.0,0.0,0.0,0.0,0.0,0.0,0.0,0.0,0.0,0.0,0.0,0.0,0.0,0.0,0.0,0.0,0.0,0.0,0.0,1.0,0.0,0.0,0.2535193715946339,0.23820594877387707,0.0,0.5248215216814134,0.0,0.500553007318383,0.0,0.0,0.0,0.44561354066560194,0.5248215216814134
267,0.46048548726174143,83000.0,0.0,0.0,0.0,0.0,0.0,0.0,0.0,0.0,0.0,0.0,0.0,0.0,0.0,0.0,0.0,0.0,1.0,0.0,0.0,0.0,0.0,0.0,0.0,0.0,0.0,0.11274546658557312,-0.3806451417629088,0.0,0.0,0.0,0.0,0.4785196176376041,0.0,0.8780768619750557,0.0,0.0
268,-0.8143190224328887,45000.0,0.0,0.0,0.0,0.0,0.0,0.0,0.0,0.0,0.0,0.0,0.0,0.0,0.0,0.0,0.0,1.0,1.0,0.0,0.0,0.0,0.0,0.0,0.0,0.0,0.0,0.12201478315434097,-0.345782579077217,0.0,0.0,0.0,0.0,0.0,0.0,0.0,0.0,0.0
272,0.46048548726174143,56000.0,0.0,0.0,0.0,0.0,0.0,0.0,0.0,0.0,0.0,0.0,0.0,0.0,0.0,0.0,0.0,0.0,1.0,0.0,0.0,0.0,0.0,0.0,0.0,0.0,0.0,0.3040050894811606,0.029419575897537,0.0,0.0,0.0,0.0,0.0,0.0,0.0,0.0,0.0
273,0.46048548726174143,90000.0,0.0,0.0,0.0,0.0,0.0,0.0,0.0,0.0,0.0,0.0,0.0,0.0,0.0,0.0,0.0,0.0,1.0,0.0,0.0,0.0,0.0,0.0,0.0,0.0,0.0,0.11274546658557312,-0.3806451417629088,0.3589216917106412,0.2917572085042224,0.0,0.27826592868319305,0.3619389597132565,0.3698041966607597,0.3320764857463156,0.4954482898481453,0.2917572085042224
274,2.053991124380029,80000.0,0.0,0.0,0.0,0.0,0.0,0.0,0.0,0.0,0.0,0.0,0.0,0.0,1.0,0.0,0.0,0.0,0.0,0.0,0.0,0.0,0.0,0.0,0.0,0.0,0.0,0.11274546658557312,-0.3806451417629088,0.0,0.0,0.0,0.0,0.0,0.0,0.0,0.0,0.0
276,-0.8143190224328887,50000.0,0.0,0.0,0.0,0.0,0.0,0.0,0.0,0.0,0.0,0.0,0.0,0.0,0.0,0.0,0.0,1.0,1.0,0.0,0.0,0.0,0.0,0.0,0.0,0.0,0.0,0.11274546658557312,-0.3806451417629088,0.0,0.0,0.0,0.0,0.0,0.0,0.0,0.0,0.0
278,-0.8143190224328887,62500.0,0.0,0.0,0.0,1.0,0.0,0.0,0.0,0.0,0.0,0.0,0.0,0.0,0.0,0.0,0.0,0.0,0.0,0.0,0.0,0.0,0.0,0.0,0.0,0.0,0.0,0.11274546658557312,-0.3806451417629088,0.0,0.0,0.0,0.0,0.0,0.0,0.0,0.0,0.0
279,0.46048548726174143,100000.0,0.0,0.0,0.0,0.0,0.0,0.0,0.0,0.0,0.0,0.0,0.0,0.0,0.0,0.0,0.0,0.0,0.0,0.0,0.0,0.0,0.0,1.0,0.0,0.0,0.0,-0.5114457021622905,0.4037643540083897,0.0,0.0,0.0,0.0,0.0,0.0,0.0,0.0,0.0
281,2.053991124380029,150000.0,0.0,0.0,0.0,0.0,0.0,0.0,0.0,0.0,0.0,0.0,0.0,0.0,0.0,0.0,0.0,0.0,1.0,0.0,0.0,0.0,0.0,0.0,0.0,0.0,0.0,0.17042874093880964,0.33663131821340325,0.0,0.0,0.0,0.0,0.0,0.0,0.0,0.0,0.0
283,-0.8143190224328887,27000.0,0.0,1.0,0.0,0.0,0.0,0.0,0.0,0.0,0.0,0.0,0.0,0.0,0.0,0.0,0.0,0.0,1.0,0.0,0.0,0.0,0.0,0.0,0.0,0.0,0.0,-0.1027327841280145,-0.6824075440845099,0.0,0.0,1.0,0.0,0.0,0.0,0.0,0.0,0.0
284,-0.8143190224328887,50000.0,0.0,0.0,0.0,0.0,0.0,0.0,0.0,0.0,0.0,0.0,0.0,0.0,0.0,0.0,0.0,1.0,0.0,0.0,0.0,0.0,0.0,0.0,1.0,0.0,0.0,0.11274546658557312,-0.3806451417629088,0.0,0.5248215216814134,0.0,0.500553007318383,0.0,0.0,0.0,0.44561354066560194,0.5248215216814134
285,0.46048548726174143,100000.0,0.0,0.0,0.0,0.0,0.0,0.0,0.0,0.0,0.0,0.0,0.0,0.0,0.0,0.0,0.0,0.0,1.0,0.0,0.0,0.0,0.0,0.0,0.0,0.0,0.0,0.11274546658557312,-0.3806451417629088,0.2952437302017127,0.23999520937695284,0.31543954011090775,0.22889748006287447,0.2977256906980668,0.30419551949061935,0.5463225133969317,0.4075485115420483,0.23999520937695284
289,-0.8143190224328887,39500.0,0.0,1.0,0.0,0.0,0.0,0.0,0.0,0.0,0.0,0.0,0.0,0.0,0.0,0.0,0.0,0.0,0.0,0.0,0.0,0.0,0.0,0.0,0.0,0.0,0.0,0.6700010200977057,-0.2130037622137083,0.0,0.7071067811865475,0.0,0.0,0.0,0.0,0.0,0.0,0.7071067811865475
292,0.46048548726174143,167500.0,0.0,0.0,0.0,0.0,0.0,0.0,0.0,0.0,0.0,0.0,0.0,0.0,0.0,0.0,0.0,0.0,1.0,0.0,0.0,0.0,0.0,0.0,0.0,0.0,0.0,0.11274546658557312,-0.3806451417629088,0.3884536535820091,0.0,0.41502538176372095,0.0,0.0,0.40023156755497086,0.7187992653329278,0.0,0.0
293,-0.8143190224328887,34000.0,0.0,1.0,0.0,0.0,1.0,0.0,0.0,0.0,0.0,0.0,0.0,0.0,0.0,0.0,0.0,0.0,0.0,0.0,0.0,0.0,0.0,1.0,0.0,0.0,0.0,0.178334137788399,-0.3557646558247254,0.0,0.4369704994811689,0.0,0.4167643448080442,0.0,0.5538630060026295,0.0,0.3710213156205561,0.4369704994811689
294,0.46048548726174143,100000.0,0.0,0.0,0.0,0.0,0.0,0.0,0.0,0.0,0.0,0.0,0.0,0.0,0.0,0.0,0.0,0.0,1.0,0.0,0.0,0.0,0.0,0.0,0.0,0.0,0.0,0.11274546658557312,-0.3806451417629088,0.0,0.0,0.0,0.0,0.0,0.0,0.0,0.0,0.0
297,0.46048548726174143,32500.0,0.0,0.0,0.0,0.0,1.0,0.0,0.0,0.0,0.0,0.0,0.0,0.0,0.0,0.0,0.0,0.0,0.0,0.0,0.0,0.0,0.0,0.0,0.0,0.0,0.0,0.14876884136435137,0.5432151896735541,0.0,0.0,0.0,0.0,0.0,0.0,0.0,0.0,0.0
298,0.46048548726174143,66000.0,0.0,0.0,0.0,0.0,0.0,0.0,0.0,0.0,0.0,0.0,0.0,0.0,0.0,0.0,0.0,0.0,1.0,0.0,0.0,0.0,0.0,0.0,0.0,0.0,0.0,0.11274546658557312,-0.3806451417629088,0.424388510992819,0.0,0.45341832202318916,0.0,0.42795612449868786,0.4372559697681333,0.3926467766546212,0.2929086857365316,0.0
299,2.053991124380029,52500.0,0.0,0.0,0.0,0.0,1.0,0.0,0.0,0.0,0.0,0.0,0.0,0.0,0.0,0.0,0.0,0.0,0.0,0.0,0.0,0.0,0.0,0.0,0.0,0.0,0.0,0.1334307304034647,-0.31077156547429075,0.0,0.0,0.0,0.0,0.0,0.0,0.0,0.0,0.0
300,-0.8143190224328887,50000.0,0.0,0.0,0.0,0.0,0.0,0.0,0.0,0.0,0.0,0.0,0.0,0.0,0.0,0.0,0.0,1.0,1.0,0.0,0.0,0.0,0.0,0.0,0.0,0.0,0.0,0.11274546658557312,-0.3806451417629088,0.41944158429280753,0.34095210345357313,0.0,0.3251859797754529,0.0,0.0,0.38806985062389027,0.5789887332766828,0.34095210345357313
301,0.46048548726174143,40000.0,0.0,0.0,0.0,0.0,1.0,0.0,0.0,0.0,0.0,0.0,0.0,0.0,0.0,0.0,0.0,0.0,0.0,0.0,0.0,0.0,0.0,0.0,0.0,0.0,0.0,-0.5114457021622905,0.4037643540083897,0.0,0.48070791811866714,0.0,0.0,0.0,0.6093004741844014,0.0,0.408157723281941,0.48070791811866714
303,-0.8143190224328887,70000.0,0.0,0.0,0.0,0.0,0.0,0.0,0.0,0.0,0.0,0.0,0.0,1.0,0.0,0.0,0.0,0.0,1.0,0.0,0.0,0.0,1.0,0.0,0.0,0.0,0.0,-0.11327471220800568,0.7513180926647423,0.0,0.4369704994811689,0.0,0.4167643448080442,0.0,0.5538630060026295,0.0,0.3710213156205561,0.4369704994811689
304,2.053991124380029,65000.0,0.0,0.0,0.0,0.0,1.0,0.0,0.0,0.0,0.0,0.0,0.0,0.0,0.0,0.0,0.0,0.0,0.0,0.0,0.0,0.0,0.0,0.0,0.0,0.0,0.0,0.1387183741985973,-0.3522851494412599,0.0,0.0,0.0,0.0,0.0,0.0,0.0,0.0,0.0
305,-0.8143190224328887,110000.0,0.0,0.0,0.0,0.0,0.0,0.0,0.0,0.0,0.0,0.0,0.0,0.0,0.0,0.0,0.0,0.0,1.0,0.0,0.0,0.0,0.0,0.0,0.0,0.0,0.0,0.11274546658557312,-0.3806451417629088,0.0,0.0,0.0,0.0,0.0,0.0,0.0,0.0,0.0
308,-0.8143190224328887,150000.0,0.0,0.0,0.0,0.0,0.0,0.0,0.0,0.0,0.0,0.0,0.0,0.0,0.0,0.0,0.0,0.0,1.0,0.0,0.0,0.0,0.0,0.0,0.0,0.0,0.0,0.11274546658557312,-0.3806451417629088,0.43553098717963873,0.3540307202693716,0.0,0.33765982223095853,0.4391922696880919,0.0,0.4029558619511826,0.3005991108333298,0.3540307202693716
309,0.46048548726174143,125000.0,0.0,0.0,0.0,0.0,0.0,0.0,0.0,0.0,0.0,0.0,0.0,0.0,0.0,0.0,0.0,0.0,1.0,0.0,0.0,0.0,0.0,0.0,0.0,0.0,0.0,0.11274546658557312,-0.3806451417629088,0.0,0.7071067811865475,0.0,0.0,0.0,0.0,0.0,0.0,0.7071067811865475
310,2.053991124380029,85000.0,0.0,0.0,0.0,0.0,0.0,0.0,0.0,0.0,0.0,0.0,0.0,0.0,0.0,0.0,0.0,1.0,1.0,0.0,0.0,0.0,0.0,0.0,0.0,0.0,0.0,0.11274546658557312,-0.3806451417629088,0.0,0.3152628910450568,0.0,0.6013693482039977,0.3910988983135621,0.0,0.0,0.5353645279979262,0.3152628910450568
311,0.46048548726174143,57500.0,0.0,0.0,0.0,0.0,0.0,0.0,0.0,0.0,0.0,0.0,0.0,0.0,0.0,0.0,0.0,0.0,0.0,0.0,1.0,0.0,0.0,1.0,0.0,0.0,0.0,0.10557914430549716,-0.32640805123401023,0.0,0.0,0.0,0.0,0.0,0.0,0.0,1.0,0.0
312,-0.8143190224328887,85000.0,0.0,0.0,0.0,0.0,0.0,0.0,0.0,0.0,0.0,0.0,0.0,0.0,0.0,0.0,0.0,1.0,1.0,0.0,0.0,0.0,0.0,0.0,0.0,0.0,0.0,0.11274546658557312,-0.3806451417629088,0.0,0.0,0.0,0.0,1.0,0.0,0.0,0.0,0.0
314,-0.8143190224328887,130000.0,0.0,0.0,0.0,0.0,0.0,0.0,0.0,0.0,0.0,0.0,0.0,0.0,0.0,0.0,0.0,0.0,1.0,0.0,0.0,0.0,0.0,0.0,0.0,0.0,0.0,0.11274546658557312,-0.3806451417629088,0.0,0.0,0.0,0.0,0.0,0.0,0.0,0.0,0.0
316,-0.8143190224328887,150000.0,0.0,0.0,0.0,0.0,0.0,0.0,0.0,0.0,0.0,0.0,0.0,0.0,0.0,0.0,0.0,1.0,1.0,0.0,0.0,0.0,0.0,0.0,0.0,0.0,0.0,0.11274546658557312,-0.3806451417629088,0.0,0.0,0.0,0.0,0.0,0.0,0.0,0.0,0.0
318,-0.8143190224328887,45000.0,0.0,0.0,0.0,0.0,0.0,0.0,0.0,0.0,0.0,0.0,0.0,0.0,0.0,0.0,0.0,1.0,1.0,0.0,0.0,0.0,0.0,0.0,0.0,0.0,0.0,0.12201478315434097,-0.345782579077217,0.0,0.0,0.0,0.0,0.0,0.0,0.0,0.0,0.0
319,-0.8143190224328887,150000.0,0.0,0.0,0.0,0.0,0.0,0.0,0.0,0.0,0.0,0.0,0.0,1.0,0.0,0.0,0.0,0.0,1.0,0.0,0.0,0.0,1.0,0.0,0.0,0.0,0.0,0.11274546658557312,-0.3806451417629088,0.17023485602124896,0.13837906019600235,0.1818795767737454,0.13198021016570974,0.6866637276962342,0.0,0.6300092086341892,0.1174943869877181,0.13837906019600235
322,-0.8143190224328887,88500.0,0.0,0.0,0.0,0.0,0.0,0.0,0.0,0.0,0.0,0.0,0.0,0.0,0.0,0.0,0.0,0.0,1.0,0.0,0.0,0.0,0.0,0.0,0.0,0.0,0.0,0.11274546658557312,-0.3806451417629088,0.0,0.0,0.0,0.0,0.0,0.0,0.0,0.0,0.0
323,2.053991124380029,55000.0,0.0,0.0,0.0,0.0,0.0,0.0,0.0,1.0,0.0,0.0,0.0,0.0,0.0,0.0,0.0,0.0,0.0,1.0,0.0,0.0,0.0,1.0,0.0,0.0,0.0,0.11274546658557312,-0.3806451417629088,0.0,0.3925253958094406,0.0,0.0,0.0,0.4975285423467306,0.0,0.6665680586703968,0.3925253958094406
324,-0.8143190224328887,30000.0,0.0,1.0,0.0,0.0,0.0,0.0,0.0,0.0,0.0,0.0,0.0,0.0,0.0,0.0,0.0,0.0,1.0,0.0,0.0,0.0,0.0,0.0,0.0,0.0,0.0,0.7687644867360356,0.7443614912105553,0.0,0.0,0.0,0.0,0.0,0.0,0.0,0.0,0.0
326,0.46048548726174143,60000.0,0.0,0.0,0.0,0.0,0.0,0.0,0.0,0.0,0.0,0.0,0.0,0.0,0.0,0.0,0.0,0.0,1.0,0.0,0.0,0.0,0.0,0.0,0.0,0.0,0.0,0.11274546658557312,-0.3806451417629088,0.0,0.0,0.0,0.0,0.0,0.0,0.0,0.0,0.0
330,-0.8143190224328887,150000.0,0.0,0.0,0.0,0.0,0.0,0.0,0.0,0.0,0.0,0.0,0.0,0.0,0.0,0.0,0.0,0.0,0.0,0.0,0.0,0.0,0.0,1.0,0.0,0.0,0.0,0.11274546658557312,-0.3806451417629088,0.0,0.0,0.0,0.7469070955032463,0.0,0.0,0.0,0.6649284101968456,0.0
331,-0.8143190224328887,42500.0,0.0,0.0,0.0,0.0,0.0,0.0,0.0,0.0,0.0,0.0,0.0,0.0,0.0,0.0,0.0,0.0,1.0,0.0,0.0,0.0,0.0,0.0,0.0,0.0,0.0,-0.2375948189573889,0.2758878791992568,0.0,0.0,0.0,0.0,0.0,0.0,0.0,0.0,0.0
333,-0.8143190224328887,61000.0,0.0,0.0,0.0,0.0,0.0,0.0,0.0,0.0,0.0,0.0,0.0,0.0,0.0,0.0,0.0,0.0,0.0,0.0,0.0,0.0,0.0,1.0,0.0,0.0,0.0,0.11991394109211664,-0.36771465026374933,0.0,0.0,0.0,0.0,0.0,0.0,0.0,0.0,0.0
342,0.46048548726174143,73000.0,0.0,0.0,0.0,0.0,0.0,0.0,0.0,0.0,0.0,0.0,0.0,0.0,0.0,0.0,0.0,0.0,0.0,0.0,1.0,0.0,1.0,0.0,0.0,0.0,0.0,0.11274546658557312,-0.3806451417629088,0.0,0.0,0.0,0.0,0.0,0.0,0.0,0.0,0.0
344,0.46048548726174143,67500.0,0.0,0.0,0.0,0.0,0.0,0.0,0.0,0.0,0.0,1.0,0.0,0.0,0.0,0.0,0.0,0.0,0.0,0.0,0.0,0.0,0.0,0.0,0.0,0.0,0.0,0.3040050894811606,0.029419575897537,0.0,0.0,0.0,0.0,0.0,0.0,0.0,0.0,0.0
346,-0.8143190224328887,70000.0,0.0,0.0,0.0,0.0,0.0,0.0,0.0,0.0,0.0,0.0,0.0,0.0,0.0,0.0,0.0,0.0,1.0,0.0,0.0,0.0,0.0,0.0,0.0,0.0,0.0,0.28035491847933375,-0.33125889027436173,0.0,0.0,0.0,0.0,1.0,0.0,0.0,0.0,0.0
348,-0.8143190224328887,150000.0,0.0,0.0,0.0,0.0,0.0,0.0,0.0,0.0,0.0,0.0,0.0,1.0,0.0,0.0,0.0,0.0,1.0,0.0,0.0,0.0,1.0,0.0,0.0,0.0,0.0,0.11274546658557312,-0.3806451417629088,0.43553098717963873,0.3540307202693716,0.0,0.33765982223095853,0.4391922696880919,0.0,0.4029558619511826,0.3005991108333298,0.3540307202693716
350,0.46048548726174143,35000.0,0.0,0.0,0.0,0.0,0.0,0.0,0.0,0.0,0.0,0.0,0.0,0.0,0.0,1.0,0.0,0.0,0.0,1.0,0.0,0.0,0.0,0.0,0.0,0.0,0.0,-0.5350986172528671,-0.5230866975874662,0.0,0.0,0.0,0.0,0.0,0.8308163790200851,0.0,0.5565466237000763,0.0
351,0.46048548726174143,75000.0,0.0,0.0,0.0,0.0,0.0,0.0,0.0,0.0,0.0,0.0,0.0,0.0,0.0,0.0,0.0,1.0,1.0,0.0,0.0,0.0,0.0,0.0,0.0,0.0,0.0,0.11274546658557312,-0.3806451417629088,0.0,0.0,0.0,0.0,0.0,0.0,0.0,0.0,0.0
352,0.46048548726174143,30000.0,0.0,0.0,0.0,0.0,0.0,0.0,0.0,0.0,0.0,0.0,0.0,0.0,0.0,0.0,0.0,1.0,1.0,0.0,0.0,0.0,0.0,0.0,0.0,0.0,0.0,-0.11327471220800568,0.7513180926647423,0.0,0.0,0.0,0.5300983098852524,0.0,0.7044792747930205,0.0,0.4719160235083129,0.0
353,-0.8143190224328887,62500.0,0.0,0.0,0.0,0.0,0.0,0.0,0.0,0.0,0.0,0.0,0.0,0.0,0.0,0.0,0.0,1.0,1.0,0.0,0.0,0.0,0.0,0.0,0.0,0.0,0.0,0.11274546658557312,-0.3806451417629088,0.3571461818392295,0.2903139471585905,0.0,0.2768894058519877,0.3601485240537215,0.0,0.6608675468881934,0.2464987058523815,0.2903139471585905
356,2.053991124380029,110000.0,0.0,0.0,0.0,0.0,0.0,0.0,0.0,0.0,0.0,0.0,0.0,0.0,0.0,0.0,0.0,0.0,0.0,1.0,0.0,0.0,1.0,0.0,0.0,0.0,0.0,0.11274546658557312,-0.3806451417629088,0.0,0.0,0.0,0.0,0.0,0.0,0.0,1.0,0.0
360,-0.8143190224328887,45000.0,0.0,0.0,0.0,0.0,0.0,0.0,0.0,0.0,0.0,0.0,0.0,0.0,0.0,0.0,0.0,0.0,1.0,0.0,0.0,0.0,0.0,0.0,0.0,0.0,0.0,-0.5114457021622905,0.4037643540083897,0.0,0.0,0.0,0.0,0.0,0.0,0.0,0.0,0.0
366,-0.8143190224328887,64000.0,0.0,0.0,0.0,0.0,0.0,0.0,0.0,0.0,0.0,0.0,0.0,0.0,0.0,0.0,0.0,1.0,1.0,0.0,0.0,0.0,0.0,0.0,0.0,0.0,0.0,0.11274546658557312,-0.3806451417629088,0.25161374133155984,0.0,0.2688250917199383,0.19507188620275695,0.0,0.2592426694481865,0.6983835938305006,0.5209838276318882,0.0
367,-0.8143190224328887,45000.0,0.0,0.0,0.0,0.0,0.0,0.0,0.0,0.0,0.0,0.0,0.0,0.0,0.0,0.0,0.0,0.0,1.0,0.0,0.0,0.0,0.0,0.0,0.0,0.0,0.0,-0.5114457021622905,0.4037643540083897,0.0,0.0,0.0,0.0,0.0,0.0,0.0,0.0,0.0
369,-0.8143190224328887,15000.0,0.0,0.0,0.0,0.0,0.0,0.0,0.0,0.0,0.0,1.0,0.0,0.0,0.0,0.0,0.0,0.0,0.0,0.0,0.0,0.0,0.0,0.0,0.0,0.0,0.0,0.17042874093880964,0.33663131821340325,0.0,0.0,0.0,0.0,0.0,0.0,0.0,0.0,0.0
374,-0.8143190224328887,40000.0,0.0,0.0,0.0,0.0,0.0,0.0,0.0,0.0,0.0,0.0,0.0,0.0,0.0,0.0,0.0,0.0,1.0,0.0,0.0,0.0,0.0,0.0,0.0,0.0,0.0,-0.2628532680911399,-0.33668751924085233,0.0,0.0,0.0,0.0,0.0,0.0,0.0,0.0,0.0
375,0.46048548726174143,110000.0,0.0,0.0,0.0,0.0,0.0,0.0,0.0,0.0,0.0,0.0,0.0,0.0,0.0,0.0,0.0,0.0,1.0,0.0,0.0,0.0,0.0,0.0,0.0,0.0,0.0,0.11274546658557312,-0.3806451417629088,0.5838643748567715,0.0,0.0,0.45266019370468324,0.0,0.0,0.5401947952235114,0.40297732445111445,0.0
378,-0.8143190224328887,50000.0,0.0,0.0,0.0,0.0,0.0,0.0,0.0,0.0,0.0,0.0,0.0,0.0,0.0,0.0,0.0,1.0,1.0,0.0,0.0,0.0,0.0,0.0,0.0,0.0,0.0,0.11274546658557312,-0.3806451417629088,0.41944158429280753,0.34095210345357313,0.0,0.3251859797754529,0.0,0.0,0.38806985062389027,0.5789887332766828,0.34095210345357313
379,-0.8143190224328887,65000.0,0.0,0.0,0.0,0.0,0.0,0.0,0.0,0.0,0.0,0.0,0.0,0.0,0.0,0.0,0.0,0.0,1.0,0.0,0.0,0.0,0.0,0.0,0.0,0.0,0.0,0.11274546658557312,-0.3806451417629088,0.4754351117731052,0.0,0.0,0.0,0.0,0.0,0.8797507911296782,0.0,0.0
382,-0.8143190224328887,74500.0,0.0,0.0,0.0,0.0,0.0,0.0,0.0,0.0,0.0,0.0,0.0,0.0,0.0,0.0,0.0,1.0,1.0,0.0,0.0,0.0,0.0,0.0,0.0,0.0,0.0,0.11274546658557312,-0.3806451417629088,0.0,0.47055679672388057,0.0,0.44879756256875525,0.0,0.5964338604960866,0.0,0.0,0.47055679672388057
386,0.46048548726174143,52500.0,0.0,0.0,0.0,0.0,1.0,0.0,0.0,0.0,0.0,0.0,0.0,0.0,0.0,0.0,0.0,0.0,0.0,0.0,0.0,0.0,0.0,0.0,0.0,0.0,0.0,0.11274546658557312,-0.3806451417629088,0.0,0.0,0.0,0.0,0.0,0.0,0.0,0.0,0.0
393,2.053991124380029,120000.0,0.0,0.0,0.0,0.0,0.0,0.0,0.0,0.0,0.0,0.0,0.0,0.0,0.0,0.0,0.0,0.0,0.0,1.0,0.0,0.0,1.0,0.0,0.0,0.0,0.0,0.2000311363666193,-0.37798060536947276,0.0,0.0,0.0,0.0,0.0,0.0,0.0,0.0,0.0
394,0.46048548726174143,39000.0,0.0,0.0,0.0,0.0,0.0,0.0,0.0,0.0,0.0,0.0,0.0,0.0,0.0,0.0,0.0,0.0,1.0,0.0,0.0,0.0,0.0,0.0,0.0,0.0,0.0,-0.11327471220800568,0.7513180926647423,0.0,0.0,0.0,0.0,0.0,0.0,0.0,0.0,0.0
396,-0.8143190224328887,45000.0,0.0,0.0,0.0,0.0,0.0,0.0,0.0,0.0,0.0,0.0,0.0,0.0,0.0,0.0,0.0,1.0,1.0,0.0,0.0,0.0,0.0,0.0,0.0,0.0,0.0,0.12201478315434097,-0.345782579077217,0.0,0.0,0.0,0.0,0.0,0.0,0.0,0.0,0.0
397,-0.8143190224328887,42500.0,0.0,0.0,0.0,0.0,0.0,0.0,0.0,0.0,0.0,0.0,0.0,0.0,0.0,0.0,0.0,0.0,0.0,0.0,1.0,0.0,0.0,1.0,0.0,0.0,0.0,0.2336898868265476,-0.43175825129174544,0.0,0.0,0.0,0.0,0.0,0.0,0.0,0.0,0.0
398,0.46048548726174143,45000.0,0.0,0.0,0.0,0.0,0.0,0.0,0.0,0.0,0.0,0.0,0.0,0.0,0.0,0.0,0.0,0.0,1.0,0.0,0.0,0.0,0.0,0.0,0.0,0.0,0.0,0.3040050894811606,0.029419575897537,0.0,0.0,0.0,0.0,0.0,0.0,0.0,0.0,0.0
401,3.0100945066510016,100000.0,0.0,0.0,0.0,0.0,0.0,1.0,0.0,0.0,0.0,0.0,0.0,0.0,0.0,0.0,0.0,0.0,0.0,1.0,0.0,0.0,0.0,0.0,0.0,0.0,0.0,0.07355379922151989,-0.3371429708568208,0.0,0.0,0.0,0.0,0.0,1.0,0.0,0.0,0.0
404,-0.8143190224328887,50000.0,0.0,0.0,0.0,0.0,0.0,0.0,0.0,0.0,0.0,0.0,0.0,0.0,0.0,0.0,0.0,1.0,1.0,0.0,0.0,0.0,0.0,0.0,0.0,0.0,0.0,0.11274546658557312,-0.3806451417629088,0.0,0.0,0.0,0.0,0.0,0.0,0.0,0.0,0.0
405,-0.8143190224328887,40000.0,0.0,0.0,1.0,0.0,1.0,0.0,0.0,0.0,0.0,0.0,0.0,0.0,0.0,0.0,0.0,0.0,1.0,0.0,0.0,0.0,0.0,0.0,0.0,0.0,0.0,0.11274546658557312,-0.3806451417629088,0.3827647643412162,0.31113856235805454,0.40894735055665143,0.296751060402556,0.0,0.0,0.3541362384762751,0.5283607881238612,0.31113856235805454
409,-0.8143190224328887,52500.0,0.0,0.0,0.0,0.0,0.0,0.0,0.0,0.0,0.0,0.0,0.0,0.0,0.0,1.0,0.0,0.0,0.0,0.0,0.0,0.0,0.0,0.0,0.0,0.0,0.0,0.17042874093880964,0.33663131821340325,0.0,0.39653975803093383,0.0,0.7564063598907758,0.0,0.0,0.0,0.33669252934736016,0.39653975803093383
410,-0.8143190224328887,22000.0,0.0,0.0,0.0,0.0,0.0,0.0,0.0,0.0,0.0,0.0,0.0,0.0,0.0,0.0,0.0,1.0,1.0,0.0,0.0,0.0,0.0,0.0,0.0,0.0,0.0,0.6700010200977057,-0.2130037622137083,0.0,0.4369704994811689,0.0,0.4167643448080442,0.0,0.5538630060026295,0.0,0.3710213156205561,0.4369704994811689
411,-0.8143190224328887,33000.0,0.0,1.0,0.0,0.0,0.0,0.0,0.0,0.0,0.0,1.0,0.0,0.0,0.0,0.0,0.0,1.0,1.0,0.0,0.0,0.0,0.0,0.0,0.0,0.0,0.0,-0.5114457021622905,0.4037643540083897,0.0,0.0,0.0,0.0,0.0,0.0,0.0,0.0,0.0
414,-0.8143190224328887,33000.0,0.0,0.0,0.0,0.0,0.0,0.0,0.0,0.0,0.0,0.0,0.0,0.0,0.0,0.0,0.0,0.0,1.0,0.0,0.0,0.0,0.0,0.0,0.0,0.0,0.0,-0.1684835179839707,-0.4318206052131171,0.0,0.0,0.0,0.0,0.0,0.0,0.0,0.0,0.0
416,0.46048548726174143,42000.0,0.0,0.0,0.0,0.0,0.0,0.0,0.0,0.0,0.0,0.0,0.0,0.0,0.0,0.0,0.0,0.0,1.0,0.0,0.0,0.0,0.0,0.0,0.0,0.0,0.0,0.17042874093880964,0.33663131821340325,0.0,0.0,0.0,0.0,0.0,0.0,0.0,0.0,0.0
418,-0.8143190224328887,40000.0,0.0,0.0,0.0,0.0,0.0,0.0,0.0,0.0,0.0,0.0,0.0,0.0,0.0,0.0,0.0,0.0,1.0,0.0,0.0,0.0,0.0,0.0,0.0,0.0,0.0,0.7687644867360356,0.7443614912105553,0.0,0.0,0.0,0.0,0.0,0.0,0.0,0.0,0.0
421,-0.8143190224328887,34000.0,0.0,1.0,0.0,0.0,1.0,0.0,0.0,0.0,0.0,0.0,0.0,0.0,0.0,0.0,0.0,0.0,0.0,0.0,0.0,0.0,0.0,1.0,0.0,0.0,0.0,-0.5114457021622905,0.4037643540083897,0.0,0.4369704994811689,0.0,0.4167643448080442,0.0,0.5538630060026295,0.0,0.3710213156205561,0.4369704994811689
423,-0.8143190224328887,140000.0,0.0,0.0,0.0,0.0,0.0,0.0,0.0,0.0,0.0,0.0,0.0,1.0,0.0,0.0,0.0,0.0,1.0,0.0,0.0,0.0,1.0,0.0,0.0,0.0,0.0,0.11274546658557312,-0.3806451417629088,0.39168027157454416,0.0,0.0,0.30366310265929364,0.3949729239217595,0.0,0.7247698376808966,0.2703337875651605,0.0
426,-0.8143190224328887,90000.0,0.0,0.0,0.0,0.0,0.0,0.0,0.0,0.0,0.0,0.0,0.0,0.0,0.0,0.0,0.0,0.0,0.0,0.0,0.0,0.0,0.0,1.0,0.0,0.0,0.0,-0.11327471220800568,0.7513180926647423,0.0,0.0,0.0,0.7469070955032463,0.0,0.0,0.0,0.6649284101968456,0.0
427,0.46048548726174143,70000.0,0.0,0.0,0.0,0.0,0.0,0.0,0.0,0.0,0.0,0.0,0.0,0.0,0.0,0.0,1.0,0.0,0.0,0.0,0.0,0.0,0.0,0.0,0.0,0.0,0.0,0.11274546658557312,-0.3806451417629088,0.0,0.0,0.0,0.0,0.0,0.0,0.0,0.0,0.0
429,0.46048548726174143,36000.0,0.0,0.0,0.0,0.0,0.0,0.0,0.0,0.0,0.0,0.0,0.0,0.0,0.0,0.0,0.0,0.0,1.0,0.0,0.0,0.0,0.0,0.0,0.0,0.0,0.0,0.7687644867360356,0.7443614912105553,0.0,0.0,0.0,0.0,0.0,0.0,0.0,0.0,0.0
432,-0.8143190224328887,52250.0,0.0,0.0,0.0,0.0,0.0,0.0,0.0,0.0,0.0,0.0,0.0,0.0,0.0,0.0,0.0,1.0,1.0,0.0,0.0,0.0,0.0,0.0,0.0,0.0,0.0,0.6700010200977057,-0.2130037622137083,0.353728173090569,0.0,0.0,0.27423948136801396,0.0,0.36445321056687136,0.6545428228064825,0.4882792611211669,0.0
436,-0.8143190224328887,34000.0,0.0,1.0,0.0,0.0,1.0,0.0,0.0,0.0,0.0,0.0,0.0,0.0,0.0,0.0,0.0,0.0,0.0,0.0,0.0,0.0,0.0,1.0,0.0,0.0,0.0,0.17042874093880964,0.33663131821340325,0.0,0.4369704994811689,0.0,0.4167643448080442,0.0,0.5538630060026295,0.0,0.3710213156205561,0.4369704994811689
437,-0.8143190224328887,50000.0,0.0,0.0,1.0,1.0,0.0,0.0,0.0,0.0,0.0,0.0,0.0,0.0,0.0,0.0,0.0,0.0,0.0,0.0,0.0,0.0,0.0,0.0,0.0,0.0,0.0,-0.2375948189573889,0.2758878791992568,0.0,0.0,0.0,0.0,0.0,0.0,0.0,0.0,0.0
438,-0.8143190224328887,51100.0,0.0,0.0,0.0,0.0,0.0,0.0,0.0,0.0,0.0,0.0,0.0,0.0,0.0,0.0,0.0,1.0,1.0,0.0,0.0,0.0,0.0,0.0,0.0,0.0,0.0,-0.1329157426458846,-0.22318859216395356,0.0,0.0,0.0,0.0,0.0,0.0,0.0,0.0,0.0
440,-0.8143190224328887,39700.0,0.0,0.0,0.0,0.0,0.0,0.0,0.0,0.0,0.0,0.0,0.0,0.0,0.0,0.0,0.0,1.0,1.0,0.0,0.0,0.0,0.0,0.0,0.0,0.0,0.0,0.45783281298521833,0.5846144750290305,0.0,0.0,0.0,0.0,0.0,0.0,0.0,0.0,0.0
441,-0.8143190224328887,47200.0,0.0,0.0,0.0,0.0,0.0,0.0,0.0,0.0,0.0,0.0,0.0,0.0,0.0,0.0,0.0,1.0,1.0,0.0,0.0,0.0,0.0,0.0,0.0,0.0,0.0,-0.1684835179839707,-0.4318206052131171,0.0,0.0,0.0,0.0,0.0,0.0,0.0,0.0,0.0
443,-0.8143190224328887,64000.0,0.0,0.0,0.0,0.0,0.0,0.0,0.0,0.0,0.0,0.0,0.0,0.0,0.0,0.0,0.0,1.0,1.0,0.0,0.0,0.0,0.0,0.0,0.0,0.0,0.0,0.11274546658557312,-0.3806451417629088,0.25161374133155984,0.0,0.2688250917199383,0.19507188620275695,0.0,0.2592426694481865,0.6983835938305006,0.5209838276318882,0.0
444,-0.8143190224328887,32500.0,0.0,1.0,0.0,0.0,0.0,0.0,0.0,0.0,0.0,0.0,0.0,0.0,0.0,0.0,0.0,0.0,1.0,0.0,0.0,0.0,0.0,0.0,0.0,0.0,0.0,-0.44123757277451814,0.36128315321123766,0.0,0.0,0.0,0.0,0.0,0.0,0.0,0.0,0.0
448,-0.8143190224328887,45000.0,0.0,0.0,0.0,0.0,0.0,0.0,0.0,0.0,0.0,0.0,0.0,0.0,0.0,0.0,0.0,0.0,1.0,0.0,0.0,0.0,0.0,0.0,0.0,0.0,0.0,0.3040050894811606,0.029419575897537,0.35569591392399147,0.28913506572482583,0.38002688636556875,0.0,0.35868606449034146,0.0,0.6581839538716356,0.0,0.28913506572482583
449,-0.8143190224328887,39100.0,0.0,0.0,0.0,0.0,0.0,0.0,0.0,0.0,0.0,0.0,0.0,0.0,0.0,0.0,0.0,1.0,1.0,0.0,0.0,0.0,0.0,0.0,0.0,0.0,0.0,-0.2375948189573889,0.2758878791992568,0.0,0.0,0.0,0.0,0.0,0.0,0.0,0.0,0.0
452,-0.8143190224328887,180000.0,0.0,0.0,0.0,0.0,0.0,0.0,0.0,0.0,0.0,0.0,0.0,1.0,0.0,0.0,0.0,0.0,1.0,0.0,0.0,0.0,1.0,0.0,0.0,0.0,0.0,0.11274546658557312,-0.3806451417629088,0.0,0.0,0.0,0.0,0.0,0.0,0.0,0.0,0.0
454,-0.8143190224328887,34000.0,0.0,1.0,0.0,0.0,1.0,0.0,0.0,0.0,0.0,0.0,0.0,0.0,0.0,0.0,0.0,0.0,0.0,0.0,0.0,0.0,0.0,1.0,0.0,0.0,0.0,-0.44123757277451814,0.36128315321123766,0.0,0.4369704994811689,0.0,0.4167643448080442,0.0,0.5538630060026295,0.0,0.3710213156205561,0.4369704994811689
457,-0.8143190224328887,45600.0,0.0,0.0,0.0,0.0,0.0,0.0,0.0,0.0,0.0,0.0,0.0,0.0,0.0,0.0,0.0,1.0,1.0,0.0,0.0,0.0,0.0,0.0,0.0,0.0,0.0,-0.588484352695286,-0.42918355420380255,0.0,0.0,0.0,0.0,0.0,0.0,0.0,0.0,0.0
459,-0.8143190224328887,50000.0,0.0,0.0,0.0,0.0,0.0,0.0,0.0,0.0,0.0,0.0,0.0,0.0,0.0,0.0,0.0,1.0,1.0,0.0,0.0,0.0,0.0,0.0,0.0,0.0,0.0,0.11274546658557312,-0.3806451417629088,0.41944158429280753,0.34095210345357313,0.0,0.3251859797754529,0.0,0.0,0.38806985062389027,0.5789887332766828,0.34095210345357313
462,-0.8143190224328887,50000.0,0.0,0.0,0.0,0.0,0.0,0.0,0.0,0.0,0.0,0.0,0.0,0.0,0.0,0.0,0.0,0.0,1.0,0.0,0.0,0.0,0.0,0.0,0.0,0.0,0.0,-0.5114457021622905,0.4037643540083897,0.31125621341368054,0.0,0.0,0.24131168799292746,0.3138727825290001,0.0,0.8639283044540701,0.0,0.0
463,-0.8143190224328887,59500.0,0.0,1.0,0.0,0.0,0.0,0.0,0.0,0.0,0.0,0.0,0.0,0.0,1.0,0.0,0.0,1.0,0.0,0.0,0.0,0.0,0.0,0.0,0.0,0.0,0.0,-0.5291355509860453,0.09533973928819721,0.0,0.0,0.0,0.0,0.0,0.0,0.0,0.0,0.0
464,2.053991124380029,150000.0,0.0,0.0,0.0,0.0,0.0,0.0,0.0,0.0,0.0,1.0,0.0,0.0,1.0,0.0,0.0,0.0,0.0,0.0,0.0,0.0,0.0,0.0,0.0,0.0,0.0,0.11274546658557312,-0.3806451417629088,0.0,0.0,0.0,0.0,0.0,0.0,0.0,0.0,0.0
465,-0.8143190224328887,31000.0,0.0,0.0,0.0,0.0,0.0,0.0,0.0,0.0,0.0,0.0,0.0,0.0,0.0,0.0,0.0,1.0,1.0,0.0,0.0,0.0,0.0,0.0,0.0,0.0,0.0,0.17042874093880964,0.33663131821340325,0.0,0.0,0.0,0.0,0.0,0.0,0.0,1.0,0.0
469,-0.8143190224328887,40000.0,0.0,0.0,0.0,0.0,0.0,0.0,0.0,0.0,0.0,0.0,0.0,0.0,0.0,1.0,0.0,0.0,0.0,0.0,0.0,0.0,0.0,0.0,0.0,0.0,0.0,-0.14870727391816657,0.7638373658121512,0.0,0.3543043127604277,0.0,0.6758415268105643,0.0,0.4490830661067156,0.0,0.30083141174631145,0.3543043127604277
470,0.46048548726174143,70000.0,0.0,0.0,1.0,1.0,0.0,0.0,0.0,0.0,0.0,0.0,0.0,0.0,0.0,0.0,0.0,0.0,0.0,0.0,0.0,0.0,0.0,0.0,0.0,0.0,0.0,0.30494101206411367,-0.3074285190988964,0.0,0.0,0.0,0.0,0.0,0.0,0.0,0.0,0.0
476,-0.8143190224328887,160000.0,0.0,0.0,0.0,0.0,0.0,0.0,0.0,0.0,0.0,0.0,0.0,1.0,0.0,0.0,0.0,0.0,1.0,0.0,0.0,0.0,1.0,0.0,0.0,0.0,0.0,0.11274546658557312,-0.3806451417629088,0.0,0.0,0.0,0.0,1.0,0.0,0.0,0.0,0.0
477,-0.8143190224328887,20000.0,0.0,1.0,0.0,0.0,0.0,0.0,0.0,0.0,0.0,0.0,0.0,0.0,0.0,0.0,0.0,0.0,1.0,0.0,0.0,0.0,0.0,0.0,0.0,0.0,0.0,0.7687644867360356,0.7443614912105553,0.0,0.0,0.0,0.0,0.0,0.0,0.0,0.0,0.0
480,-0.8143190224328887,34000.0,0.0,1.0,0.0,0.0,1.0,0.0,0.0,0.0,0.0,0.0,0.0,0.0,0.0,0.0,0.0,0.0,0.0,0.0,0.0,0.0,0.0,1.0,0.0,0.0,0.0,0.7026669484874024,-0.1390191961267661,0.0,0.4369704994811689,0.0,0.4167643448080442,0.0,0.5538630060026295,0.0,0.3710213156205561,0.4369704994811689
487,0.46048548726174143,52500.0,0.0,0.0,0.0,0.0,0.0,0.0,0.0,0.0,0.0,0.0,1.0,0.0,1.0,0.0,0.0,0.0,1.0,1.0,1.0,0.0,0.0,0.0,0.0,0.0,0.0,0.11274546658557312,-0.3806451417629088,0.0,0.0,0.0,0.0,0.0,0.0,0.0,0.0,0.0
488,-0.8143190224328887,31000.0,0.0,0.0,0.0,0.0,0.0,0.0,0.0,0.0,0.0,0.0,0.0,0.0,0.0,0.0,0.0,1.0,1.0,0.0,0.0,0.0,0.0,0.0,0.0,0.0,0.0,0.7687644867360356,0.7443614912105553,0.0,0.0,0.0,0.0,0.0,0.0,0.0,0.0,0.0
489,-0.8143190224328887,150000.0,0.0,0.0,0.0,0.0,0.0,0.0,0.0,0.0,0.0,0.0,0.0,0.0,0.0,0.0,0.0,0.0,1.0,0.0,0.0,0.0,0.0,0.0,0.0,0.0,0.0,0.11274546658557312,-0.3806451417629088,0.40683114881852933,0.0,0.4346599685569368,0.0,0.0,0.0,0.7528052013123183,0.28079077079241455,0.0
491,-0.8143190224328887,150000.0,0.0,0.0,0.0,0.0,0.0,0.0,0.0,0.0,0.0,0.0,0.0,0.0,0.0,0.0,0.0,0.0,1.0,0.0,0.0,0.0,0.0,0.0,0.0,0.0,0.0,0.11274546658557312,-0.3806451417629088,0.0,0.0,0.0,0.0,0.0,0.0,0.0,0.0,0.0
493,-0.8143190224328887,155000.0,0.0,0.0,0.0,0.0,0.0,0.0,0.0,0.0,0.0,0.0,0.0,1.0,0.0,0.0,0.0,0.0,1.0,0.0,0.0,0.0,1.0,0.0,0.0,0.0,0.0,0.11274546658557312,-0.3806451417629088,0.38454633315303977,0.3125867488435759,0.0,0.0,0.38777901418999733,0.0,0.711569113092461,0.0,0.3125867488435759
496,-0.8143190224328887,160000.0,0.0,0.0,0.0,0.0,0.0,0.0,0.0,0.0,0.0,0.0,0.0,0.0,0.0,0.0,0.0,0.0,1.0,0.0,0.0,0.0,0.0,0.0,0.0,0.0,0.0,0.11274546658557312,-0.3806451417629088,0.3009311311045105,0.24461833539404082,0.0,0.0,0.3034609026224841,0.0,0.8352698216084457,0.0,0.24461833539404082
497,-0.8143190224328887,22000.0,0.0,0.0,0.0,0.0,0.0,0.0,0.0,0.0,0.0,0.0,0.0,0.0,0.0,0.0,0.0,1.0,1.0,0.0,0.0,0.0,0.0,0.0,0.0,0.0,0.0,-0.5062651585368316,-0.5324864244015677,0.0,0.4369704994811689,0.0,0.4167643448080442,0.0,0.5538630060026295,0.0,0.3710213156205561,0.4369704994811689
500,-0.8143190224328887,34000.0,0.0,1.0,0.0,0.0,1.0,0.0,0.0,0.0,0.0,0.0,0.0,0.0,0.0,0.0,0.0,0.0,0.0,0.0,0.0,0.0,0.0,1.0,0.0,0.0,0.0,0.6700010200977057,-0.2130037622137083,0.0,0.4369704994811689,0.0,0.4167643448080442,0.0,0.5538630060026295,0.0,0.3710213156205561,0.4369704994811689
504,-0.8143190224328887,160000.0,0.0,0.0,0.0,0.0,0.0,0.0,0.0,0.0,0.0,0.0,0.0,1.0,0.0,0.0,0.0,0.0,1.0,0.0,0.0,0.0,1.0,0.0,0.0,0.0,0.0,0.11274546658557312,-0.3806451417629088,0.22448372317233656,0.0,0.47967855135475723,0.17403844110143837,0.4527416821776074,0.0,0.6230810309320864,0.30987281993015636,0.0
507,-0.8143190224328887,105000.0,0.0,0.0,0.0,0.0,0.0,0.0,0.0,0.0,0.0,0.0,0.0,0.0,0.0,0.0,0.0,0.0,0.0,0.0,0.0,0.0,0.0,1.0,0.0,0.0,0.0,-0.2628532680911399,-0.33668751924085233,0.0,0.0,0.0,0.0,0.0,0.0,0.0,0.0,0.0
